Date,Title,Time,URL
2026-06-19,Sozial- und Schuldnerberatung Damaschkeweg,,https://www.bsf-richtsberg.de/veranstaltungen/2783156/2026/06/19/sozial-und-schuldnerberatung-damaschkeweg.html
2026-06-19,Afghanische Frauengruppe,,https://www.bsf-richtsberg.de/veranstaltungen/2782993/2026/06/19/afghanische-frauengruppe.html
2026-06-22,Sozial- und Schuldnerberatung Damaschkeweg,,https://www.bsf-richtsberg.de/veranstaltungen/2783148/2026/06/22/sozial-und-schuldnerberatung-damaschkeweg.html
2026-06-22,Offenes Büro im Familiennetzwerk,,https://www.bsf-richtsberg.de/veranstaltungen/2870266/2026/06/22/offenes-büro-im-familiennetzwerk.html
2026-06-22,Babycafé,,https://www.bsf-richtsberg.de/veranstaltungen/2782902/2026/06/22/babycafé.html
2026-06-22,Eltern - Kind - Turnen,,https://www.bsf-richtsberg.de/veranstaltungen/2833912/2026/06/22/eltern-kind-turnen.html
2026-06-22,Lernwerkstatt der VHS im Familiennetzwerk,,https://www.bsf-richtsberg.de/veranstaltungen/2870255/2026/06/22/lernwerkstatt-der-vhs-im-familiennetzwerk.html
2026-06-23,Offenes Büro im Familiennetzwerk,,https://www.bsf-richtsberg.de/veranstaltungen/2870270/2026/06/23/offenes-büro-im-familiennetzwerk.html
2026-06-23,Bipa Elterncafé: für Eltern mit Kindern von 1-3 Jahren,,https://www.bsf-richtsberg.de/veranstaltungen/2782907/2026/06/23/bipa-elterncafé-für-eltern-mit-kindern-von-1-3-jahren.html
2026-06-23,Senior:innen Nachmittag,,https://www.bsf-richtsberg.de/veranstaltungen/2766698/2026/06/23/senior-innen-nachmittag.html
2026-06-23,Bipa Gruppe für überwiegend afghanisch sprechende Eltern,,https://www.bsf-richtsberg.de/veranstaltungen/2870156/2026/06/23/bipa-gruppe-für-überwiegend-afghanisch-sprechende-eltern.html
2026-06-24,Sozial- und Schuldnerberatung Treffpunkt,,https://www.bsf-richtsberg.de/veranstaltungen/2783139/2026/06/24/sozial-und-schuldnerberatung-treffpunkt.html
2026-06-24,Männerberatung,,https://www.bsf-richtsberg.de/veranstaltungen/2783881/2026/06/24/männerberatung.html
2026-06-24,Frauencafé,,https://www.bsf-richtsberg.de/veranstaltungen/2782982/2026/06/24/frauencafé.html
2026-06-25,Sozial- und Schuldnerberatung Damaschkeweg,,https://www.bsf-richtsberg.de/veranstaltungen/2783155/2026/06/25/sozial-und-schuldnerberatung-damaschkeweg.html
2026-06-26,Sozial- und Schuldnerberatung Damaschkeweg,,https://www.bsf-richtsberg.de/veranstaltungen/2783156/2026/06/26/sozial-und-schuldnerberatung-damaschkeweg.html
2026-06-26,Afghanische Frauengruppe,,https://www.bsf-richtsberg.de/veranstaltungen/2782993/2026/06/26/afghanische-frauengruppe.html
2026-06-29,Sozial- und Schuldnerberatung Damaschkeweg,,https://www.bsf-richtsberg.de/veranstaltungen/2783148/2026/06/29/sozial-und-schuldnerberatung-damaschkeweg.html
2026-06-29,Sommerferienstart am Richtsberg - Angebote für Jung und Alt,,https://www.bsf-richtsberg.de/veranstaltungen/2918165/2026/06/29/sommerferienstart-am-richtsberg-angebote-für-jung-und-alt.html
2026-06-30,Sommerferienprogramm für Kinder von 6 bis 9 Jahren am Richtsberg,,https://www.bsf-richtsberg.de/veranstaltungen/2918178/2026/06/30/sommerferienprogramm-für-kinder-von-6-bis-9-jahren-am-richtsberg.html
2026-06-30,Bipa Elterncafé: für Eltern mit Kindern von 1-3 Jahren,,https://www.bsf-richtsberg.de/veranstaltungen/2782907/2026/06/30/bipa-elterncafé-für-eltern-mit-kindern-von-1-3-jahren.html
2026-06-30,Bipa Gruppe für überwiegend afghanisch sprechende Eltern,,https://www.bsf-richtsberg.de/veranstaltungen/2870156/2026/06/30/bipa-gruppe-für-überwiegend-afghanisch-sprechende-eltern.html
2026-07-01,Immer an der Lahn entlang - Sommerferien für Erwachsene 1. Tag,,https://www.bsf-richtsberg.de/veranstaltungen/2914286/2026/07/01/immer-an-der-lahn-entlang-sommerferien-für-erwachsene-1.-tag.html
2026-07-01,Sozial- und Schuldnerberatung Treffpunkt,,https://www.bsf-richtsberg.de/veranstaltungen/2783139/2026/07/01/sozial-und-schuldnerberatung-treffpunkt.html
2026-07-01,Männerberatung,,https://www.bsf-richtsberg.de/veranstaltungen/2783881/2026/07/01/männerberatung.html
2026-07-01,Frauencafé,,https://www.bsf-richtsberg.de/veranstaltungen/2782982/2026/07/01/frauencafé.html
2026-07-02,Immer an der Lahn entlang - Sommerferien für Erwachsene 2. Tag,,https://www.bsf-richtsberg.de/veranstaltungen/2914452/2026/07/02/immer-an-der-lahn-entlang-sommerferien-für-erwachsene-2.-tag.html
2026-07-02,"Offenes Café im Familiennetzwerk, Am Richtsberg 68",,https://www.bsf-richtsberg.de/veranstaltungen/2836095/2026/07/02/offenes-café-im-familiennetzwerk-am-richtsberg-68.html
2026-07-02,Sozial- und Schuldnerberatung Damaschkeweg,,https://www.bsf-richtsberg.de/veranstaltungen/2783155/2026/07/02/sozial-und-schuldnerberatung-damaschkeweg.html
2026-07-03,Sozial- und Schuldnerberatung Damaschkeweg,,https://www.bsf-richtsberg.de/veranstaltungen/2783156/2026/07/03/sozial-und-schuldnerberatung-damaschkeweg.html
2026-07-03,Afghanische Frauengruppe,,https://www.bsf-richtsberg.de/veranstaltungen/2782993/2026/07/03/afghanische-frauengruppe.html
2026-07-06,Sozial- und Schuldnerberatung Damaschkeweg,,https://www.bsf-richtsberg.de/veranstaltungen/2783148/2026/07/06/sozial-und-schuldnerberatung-damaschkeweg.html
2026-07-06,Offenes Büro im Familiennetzwerk,,https://www.bsf-richtsberg.de/veranstaltungen/2870266/2026/07/06/offenes-büro-im-familiennetzwerk.html
2026-07-06,Babycafé,,https://www.bsf-richtsberg.de/veranstaltungen/2782902/2026/07/06/babycafé.html
2026-07-06,Lernwerkstatt der VHS im Familiennetzwerk,,https://www.bsf-richtsberg.de/veranstaltungen/2870255/2026/07/06/lernwerkstatt-der-vhs-im-familiennetzwerk.html
2026-07-07,Offenes Büro im Familiennetzwerk,,https://www.bsf-richtsberg.de/veranstaltungen/2870270/2026/07/07/offenes-büro-im-familiennetzwerk.html
2026-07-07,Bipa Elterncafé: für Eltern mit Kindern von 1-3 Jahren,,https://www.bsf-richtsberg.de/veranstaltungen/2782907/2026/07/07/bipa-elterncafé-für-eltern-mit-kindern-von-1-3-jahren.html
2026-07-07,Senior:innen Nachmittag,,https://www.bsf-richtsberg.de/veranstaltungen/2766698/2026/07/07/senior-innen-nachmittag.html
2026-07-07,Bipa Gruppe für überwiegend afghanisch sprechende Eltern,,https://www.bsf-richtsberg.de/veranstaltungen/2870156/2026/07/07/bipa-gruppe-für-überwiegend-afghanisch-sprechende-eltern.html
2026-07-08,Frauencafé,,https://www.bsf-richtsberg.de/veranstaltungen/2782982/2026/07/08/frauencafé.html
2026-07-09,Sozial- und Schuldnerberatung Damaschkeweg,,https://www.bsf-richtsberg.de/veranstaltungen/2783155/2026/07/09/sozial-und-schuldnerberatung-damaschkeweg.html
2026-07-10,Sozial- und Schuldnerberatung Damaschkeweg,,https://www.bsf-richtsberg.de/veranstaltungen/2783156/2026/07/10/sozial-und-schuldnerberatung-damaschkeweg.html
2026-07-10,Afghanische Frauengruppe,,https://www.bsf-richtsberg.de/veranstaltungen/2782993/2026/07/10/afghanische-frauengruppe.html
2026-07-13,Sozial- und Schuldnerberatung Damaschkeweg,,https://www.bsf-richtsberg.de/veranstaltungen/2783148/2026/07/13/sozial-und-schuldnerberatung-damaschkeweg.html
2026-07-13,Offenes Büro im Familiennetzwerk,,https://www.bsf-richtsberg.de/veranstaltungen/2870266/2026/07/13/offenes-büro-im-familiennetzwerk.html
2026-07-13,Babycafé,,https://www.bsf-richtsberg.de/veranstaltungen/2782902/2026/07/13/babycafé.html
2026-07-13,Lernwerkstatt der VHS im Familiennetzwerk,,https://www.bsf-richtsberg.de/veranstaltungen/2870255/2026/07/13/lernwerkstatt-der-vhs-im-familiennetzwerk.html
2026-07-14,Offenes Büro im Familiennetzwerk,,https://www.bsf-richtsberg.de/veranstaltungen/2870270/2026/07/14/offenes-büro-im-familiennetzwerk.html
2026-07-14,Bipa Elterncafé: für Eltern mit Kindern von 1-3 Jahren,,https://www.bsf-richtsberg.de/veranstaltungen/2782907/2026/07/14/bipa-elterncafé-für-eltern-mit-kindern-von-1-3-jahren.html
2026-07-14,Senior:innen Nachmittag,,https://www.bsf-richtsberg.de/veranstaltungen/2766698/2026/07/14/senior-innen-nachmittag.html
2026-07-14,Bipa Gruppe für überwiegend afghanisch sprechende Eltern,,https://www.bsf-richtsberg.de/veranstaltungen/2870156/2026/07/14/bipa-gruppe-für-überwiegend-afghanisch-sprechende-eltern.html
2026-07-15,Frauencafé,,https://www.bsf-richtsberg.de/veranstaltungen/2782982/2026/07/15/frauencafé.html
2026-07-16,"Offenes Café im Familiennetzwerk, Am Richtsberg 68",,https://www.bsf-richtsberg.de/veranstaltungen/2836095/2026/07/16/offenes-café-im-familiennetzwerk-am-richtsberg-68.html
2026-07-16,Sozial- und Schuldnerberatung Damaschkeweg,,https://www.bsf-richtsberg.de/veranstaltungen/2783155/2026/07/16/sozial-und-schuldnerberatung-damaschkeweg.html
2026-07-17,Sozial- und Schuldnerberatung Damaschkeweg,,https://www.bsf-richtsberg.de/veranstaltungen/2783156/2026/07/17/sozial-und-schuldnerberatung-damaschkeweg.html
2026-07-17,Afghanische Frauengruppe,,https://www.bsf-richtsberg.de/veranstaltungen/2782993/2026/07/17/afghanische-frauengruppe.html
2026-07-20,Sozial- und Schuldnerberatung Damaschkeweg,,https://www.bsf-richtsberg.de/veranstaltungen/2783148/2026/07/20/sozial-und-schuldnerberatung-damaschkeweg.html
2026-07-20,Offenes Büro im Familiennetzwerk,,https://www.bsf-richtsberg.de/veranstaltungen/2870266/2026/07/20/offenes-büro-im-familiennetzwerk.html
2026-07-20,Babycafé,,https://www.bsf-richtsberg.de/veranstaltungen/2782902/2026/07/20/babycafé.html
2026-07-20,Lernwerkstatt der VHS im Familiennetzwerk,,https://www.bsf-richtsberg.de/veranstaltungen/2870255/2026/07/20/lernwerkstatt-der-vhs-im-familiennetzwerk.html
2026-07-21,Offenes Büro im Familiennetzwerk,,https://www.bsf-richtsberg.de/veranstaltungen/2870270/2026/07/21/offenes-büro-im-familiennetzwerk.html
2026-07-21,Bipa Elterncafé: für Eltern mit Kindern von 1-3 Jahren,,https://www.bsf-richtsberg.de/veranstaltungen/2782907/2026/07/21/bipa-elterncafé-für-eltern-mit-kindern-von-1-3-jahren.html
2026-07-21,Senior:innen Nachmittag,,https://www.bsf-richtsberg.de/veranstaltungen/2766698/2026/07/21/senior-innen-nachmittag.html
2026-07-21,Bipa Gruppe für überwiegend afghanisch sprechende Eltern,,https://www.bsf-richtsberg.de/veranstaltungen/2870156/2026/07/21/bipa-gruppe-für-überwiegend-afghanisch-sprechende-eltern.html
2026-07-22,Frauencafé,,https://www.bsf-richtsberg.de/veranstaltungen/2782982/2026/07/22/frauencafé.html
2026-07-23,Sozial- und Schuldnerberatung Damaschkeweg,,https://www.bsf-richtsberg.de/veranstaltungen/2783155/2026/07/23/sozial-und-schuldnerberatung-damaschkeweg.html
2026-07-24,Sozial- und Schuldnerberatung Damaschkeweg,,https://www.bsf-richtsberg.de/veranstaltungen/2783156/2026/07/24/sozial-und-schuldnerberatung-damaschkeweg.html
2026-07-24,Afghanische Frauengruppe,,https://www.bsf-richtsberg.de/veranstaltungen/2782993/2026/07/24/afghanische-frauengruppe.html
2026-07-27,Sozial- und Schuldnerberatung Damaschkeweg,,https://www.bsf-richtsberg.de/veranstaltungen/2783148/2026/07/27/sozial-und-schuldnerberatung-damaschkeweg.html
2026-07-27,Offenes Büro im Familiennetzwerk,,https://www.bsf-richtsberg.de/veranstaltungen/2870266/2026/07/27/offenes-büro-im-familiennetzwerk.html
2026-07-27,Babycafé,,https://www.bsf-richtsberg.de/veranstaltungen/2782902/2026/07/27/babycafé.html
2026-07-27,Lernwerkstatt der VHS im Familiennetzwerk,,https://www.bsf-richtsberg.de/veranstaltungen/2870255/2026/07/27/lernwerkstatt-der-vhs-im-familiennetzwerk.html
2026-07-28,Offenes Büro im Familiennetzwerk,,https://www.bsf-richtsberg.de/veranstaltungen/2870270/2026/07/28/offenes-büro-im-familiennetzwerk.html
2026-07-28,Bipa Elterncafé: für Eltern mit Kindern von 1-3 Jahren,,https://www.bsf-richtsberg.de/veranstaltungen/2782907/2026/07/28/bipa-elterncafé-für-eltern-mit-kindern-von-1-3-jahren.html
2026-07-28,Senior:innen Nachmittag,,https://www.bsf-richtsberg.de/veranstaltungen/2766698/2026/07/28/senior-innen-nachmittag.html
2026-07-28,Bipa Gruppe für überwiegend afghanisch sprechende Eltern,,https://www.bsf-richtsberg.de/veranstaltungen/2870156/2026/07/28/bipa-gruppe-für-überwiegend-afghanisch-sprechende-eltern.html
2026-07-29,Frauencafé,,https://www.bsf-richtsberg.de/veranstaltungen/2782982/2026/07/29/frauencafé.html
2026-07-30,"Offenes Café im Familiennetzwerk, Am Richtsberg 68",,https://www.bsf-richtsberg.de/veranstaltungen/2836095/2026/07/30/offenes-café-im-familiennetzwerk-am-richtsberg-68.html
2026-07-30,Sozial- und Schuldnerberatung Damaschkeweg,,https://www.bsf-richtsberg.de/veranstaltungen/2783155/2026/07/30/sozial-und-schuldnerberatung-damaschkeweg.html
2026-07-31,Sozial- und Schuldnerberatung Damaschkeweg,,https://www.bsf-richtsberg.de/veranstaltungen/2783156/2026/07/31/sozial-und-schuldnerberatung-damaschkeweg.html
2026-07-31,Afghanische Frauengruppe,,https://www.bsf-richtsberg.de/veranstaltungen/2782993/2026/07/31/afghanische-frauengruppe.html
2026-08-03,Sozial- und Schuldnerberatung Damaschkeweg,,https://www.bsf-richtsberg.de/veranstaltungen/2783148/2026/08/03/sozial-und-schuldnerberatung-damaschkeweg.html
2026-08-03,Offenes Büro im Familiennetzwerk,,https://www.bsf-richtsberg.de/veranstaltungen/2870266/2026/08/03/offenes-büro-im-familiennetzwerk.html
2026-08-03,Babycafé,,https://www.bsf-richtsberg.de/veranstaltungen/2782902/2026/08/03/babycafé.html
2026-08-03,Lernwerkstatt der VHS im Familiennetzwerk,,https://www.bsf-richtsberg.de/veranstaltungen/2870255/2026/08/03/lernwerkstatt-der-vhs-im-familiennetzwerk.html
2026-08-04,Offenes Büro im Familiennetzwerk,,https://www.bsf-richtsberg.de/veranstaltungen/2870270/2026/08/04/offenes-büro-im-familiennetzwerk.html
2026-08-04,Immer an der Lahn entlang - Sommerferien für Erwachsene 3. Tag,,https://www.bsf-richtsberg.de/veranstaltungen/2914461/2026/08/04/immer-an-der-lahn-entlang-sommerferien-für-erwachsene-3.-tag.html
2026-08-04,Bipa Elterncafé: für Eltern mit Kindern von 1-3 Jahren,,https://www.bsf-richtsberg.de/veranstaltungen/2782907/2026/08/04/bipa-elterncafé-für-eltern-mit-kindern-von-1-3-jahren.html
2026-08-04,Senior:innen Nachmittag,,https://www.bsf-richtsberg.de/veranstaltungen/2766698/2026/08/04/senior-innen-nachmittag.html
2026-08-04,Bipa Gruppe für überwiegend afghanisch sprechende Eltern,,https://www.bsf-richtsberg.de/veranstaltungen/2870156/2026/08/04/bipa-gruppe-für-überwiegend-afghanisch-sprechende-eltern.html
2026-08-05,Immer an der Lahn entlang - Sommerferien für Erwachsene 4. Tag,,https://www.bsf-richtsberg.de/veranstaltungen/2914462/2026/08/05/immer-an-der-lahn-entlang-sommerferien-für-erwachsene-4.-tag.html
2026-08-05,Frauencafé,,https://www.bsf-richtsberg.de/veranstaltungen/2782982/2026/08/05/frauencafé.html
2026-08-06,Immer an der Lahn entlang - Sommerferien für Erwachsene 5. Tag,,https://www.bsf-richtsberg.de/veranstaltungen/2914467/2026/08/06/immer-an-der-lahn-entlang-sommerferien-für-erwachsene-5.-tag.html
2026-08-06,Sozial- und Schuldnerberatung Damaschkeweg,,https://www.bsf-richtsberg.de/veranstaltungen/2783155/2026/08/06/sozial-und-schuldnerberatung-damaschkeweg.html
2026-08-07,Sozial- und Schuldnerberatung Damaschkeweg,,https://www.bsf-richtsberg.de/veranstaltungen/2783156/2026/08/07/sozial-und-schuldnerberatung-damaschkeweg.html
2026-08-07,Afghanische Frauengruppe,,https://www.bsf-richtsberg.de/veranstaltungen/2782993/2026/08/07/afghanische-frauengruppe.html
2026-08-10,Sozial- und Schuldnerberatung Damaschkeweg,,https://www.bsf-richtsberg.de/veranstaltungen/2783148/2026/08/10/sozial-und-schuldnerberatung-damaschkeweg.html
2026-08-10,Offenes Büro im Familiennetzwerk,,https://www.bsf-richtsberg.de/veranstaltungen/2870266/2026/08/10/offenes-büro-im-familiennetzwerk.html
2026-08-10,Babycafé,,https://www.bsf-richtsberg.de/veranstaltungen/2782902/2026/08/10/babycafé.html
2026-08-10,Lernwerkstatt der VHS im Familiennetzwerk,,https://www.bsf-richtsberg.de/veranstaltungen/2870255/2026/08/10/lernwerkstatt-der-vhs-im-familiennetzwerk.html
2026-08-11,Offenes Büro im Familiennetzwerk,,https://www.bsf-richtsberg.de/veranstaltungen/2870270/2026/08/11/offenes-büro-im-familiennetzwerk.html
2026-08-11,Bipa Elterncafé: für Eltern mit Kindern von 1-3 Jahren,,https://www.bsf-richtsberg.de/veranstaltungen/2782907/2026/08/11/bipa-elterncafé-für-eltern-mit-kindern-von-1-3-jahren.html
2026-08-11,Senior:innen Nachmittag,,https://www.bsf-richtsberg.de/veranstaltungen/2766698/2026/08/11/senior-innen-nachmittag.html
2026-08-11,Bipa Gruppe für überwiegend afghanisch sprechende Eltern,,https://www.bsf-richtsberg.de/veranstaltungen/2870156/2026/08/11/bipa-gruppe-für-überwiegend-afghanisch-sprechende-eltern.html
2026-08-12,Frauencafé,,https://www.bsf-richtsberg.de/veranstaltungen/2782982/2026/08/12/frauencafé.html
2026-08-13,"Offenes Café im Familiennetzwerk, Am Richtsberg 68",,https://www.bsf-richtsberg.de/veranstaltungen/2836095/2026/08/13/offenes-café-im-familiennetzwerk-am-richtsberg-68.html
2026-08-13,Sozial- und Schuldnerberatung Damaschkeweg,,https://www.bsf-richtsberg.de/veranstaltungen/2783155/2026/08/13/sozial-und-schuldnerberatung-damaschkeweg.html
2026-08-14,Sozial- und Schuldnerberatung Damaschkeweg,,https://www.bsf-richtsberg.de/veranstaltungen/2783156/2026/08/14/sozial-und-schuldnerberatung-damaschkeweg.html
2026-08-14,Afghanische Frauengruppe,,https://www.bsf-richtsberg.de/veranstaltungen/2782993/2026/08/14/afghanische-frauengruppe.html
2026-08-17,Sozial- und Schuldnerberatung Damaschkeweg,,https://www.bsf-richtsberg.de/veranstaltungen/2783148/2026/08/17/sozial-und-schuldnerberatung-damaschkeweg.html
2026-08-17,Offenes Büro im Familiennetzwerk,,https://www.bsf-richtsberg.de/veranstaltungen/2870266/2026/08/17/offenes-büro-im-familiennetzwerk.html
2026-08-17,Babycafé,,https://www.bsf-richtsberg.de/veranstaltungen/2782902/2026/08/17/babycafé.html
2026-08-17,Maribel Sprechstunde im Familiennetzwerk,,https://www.bsf-richtsberg.de/veranstaltungen/2870242/2026/08/17/maribel-sprechstunde-im-familiennetzwerk.html
2026-08-17,Lernwerkstatt der VHS im Familiennetzwerk,,https://www.bsf-richtsberg.de/veranstaltungen/2870255/2026/08/17/lernwerkstatt-der-vhs-im-familiennetzwerk.html
2026-08-18,Offenes Büro im Familiennetzwerk,,https://www.bsf-richtsberg.de/veranstaltungen/2870270/2026/08/18/offenes-büro-im-familiennetzwerk.html
2026-08-18,Bipa Elterncafé: für Eltern mit Kindern von 1-3 Jahren,,https://www.bsf-richtsberg.de/veranstaltungen/2782907/2026/08/18/bipa-elterncafé-für-eltern-mit-kindern-von-1-3-jahren.html
2026-08-18,Senior:innen Nachmittag,,https://www.bsf-richtsberg.de/veranstaltungen/2766698/2026/08/18/senior-innen-nachmittag.html
2026-08-18,Bipa Gruppe für überwiegend afghanisch sprechende Eltern,,https://www.bsf-richtsberg.de/veranstaltungen/2870156/2026/08/18/bipa-gruppe-für-überwiegend-afghanisch-sprechende-eltern.html
2026-08-19,Frauencafé,,https://www.bsf-richtsberg.de/veranstaltungen/2782982/2026/08/19/frauencafé.html
2026-08-20,Sozial- und Schuldnerberatung Damaschkeweg,,https://www.bsf-richtsberg.de/veranstaltungen/2783155/2026/08/20/sozial-und-schuldnerberatung-damaschkeweg.html
2026-08-21,Sozial- und Schuldnerberatung Damaschkeweg,,https://www.bsf-richtsberg.de/veranstaltungen/2783156/2026/08/21/sozial-und-schuldnerberatung-damaschkeweg.html
2026-08-21,Afghanische Frauengruppe,,https://www.bsf-richtsberg.de/veranstaltungen/2782993/2026/08/21/afghanische-frauengruppe.html
2026-08-24,Sozial- und Schuldnerberatung Damaschkeweg,,https://www.bsf-richtsberg.de/veranstaltungen/2783148/2026/08/24/sozial-und-schuldnerberatung-damaschkeweg.html
2026-08-24,Offenes Büro im Familiennetzwerk,,https://www.bsf-richtsberg.de/veranstaltungen/2870266/2026/08/24/offenes-büro-im-familiennetzwerk.html
2026-08-24,Babycafé,,https://www.bsf-richtsberg.de/veranstaltungen/2782902/2026/08/24/babycafé.html
2026-08-24,Lernwerkstatt der VHS im Familiennetzwerk,,https://www.bsf-richtsberg.de/veranstaltungen/2870255/2026/08/24/lernwerkstatt-der-vhs-im-familiennetzwerk.html
2026-08-25,Offenes Büro im Familiennetzwerk,,https://www.bsf-richtsberg.de/veranstaltungen/2870270/2026/08/25/offenes-büro-im-familiennetzwerk.html
2026-08-25,Bipa Elterncafé: für Eltern mit Kindern von 1-3 Jahren,,https://www.bsf-richtsberg.de/veranstaltungen/2782907/2026/08/25/bipa-elterncafé-für-eltern-mit-kindern-von-1-3-jahren.html
2026-08-25,Senior:innen Nachmittag,,https://www.bsf-richtsberg.de/veranstaltungen/2766698/2026/08/25/senior-innen-nachmittag.html
2026-08-25,Bipa Gruppe für überwiegend afghanisch sprechende Eltern,,https://www.bsf-richtsberg.de/veranstaltungen/2870156/2026/08/25/bipa-gruppe-für-überwiegend-afghanisch-sprechende-eltern.html
2026-08-26,Frauencafé,,https://www.bsf-richtsberg.de/veranstaltungen/2782982/2026/08/26/frauencafé.html
2026-08-27,"Offenes Café im Familiennetzwerk, Am Richtsberg 68",,https://www.bsf-richtsberg.de/veranstaltungen/2836095/2026/08/27/offenes-café-im-familiennetzwerk-am-richtsberg-68.html
2026-08-27,Sozial- und Schuldnerberatung Damaschkeweg,,https://www.bsf-richtsberg.de/veranstaltungen/2783155/2026/08/27/sozial-und-schuldnerberatung-damaschkeweg.html
2026-08-28,Sozial- und Schuldnerberatung Damaschkeweg,,https://www.bsf-richtsberg.de/veranstaltungen/2783156/2026/08/28/sozial-und-schuldnerberatung-damaschkeweg.html
2026-08-28,Afghanische Frauengruppe,,https://www.bsf-richtsberg.de/veranstaltungen/2782993/2026/08/28/afghanische-frauengruppe.html
2026-08-31,Sozial- und Schuldnerberatung Damaschkeweg,,https://www.bsf-richtsberg.de/veranstaltungen/2783148/2026/08/31/sozial-und-schuldnerberatung-damaschkeweg.html
2026-08-31,Offenes Büro im Familiennetzwerk,,https://www.bsf-richtsberg.de/veranstaltungen/2870266/2026/08/31/offenes-büro-im-familiennetzwerk.html
2026-08-31,Babycafé,,https://www.bsf-richtsberg.de/veranstaltungen/2782902/2026/08/31/babycafé.html
2026-08-31,Lernwerkstatt der VHS im Familiennetzwerk,,https://www.bsf-richtsberg.de/veranstaltungen/2870255/2026/08/31/lernwerkstatt-der-vhs-im-familiennetzwerk.html
2026-09-01,Offenes Büro im Familiennetzwerk,,https://www.bsf-richtsberg.de/veranstaltungen/2870270/2026/09/01/offenes-büro-im-familiennetzwerk.html
2026-09-01,Bipa Elterncafé: für Eltern mit Kindern von 1-3 Jahren,,https://www.bsf-richtsberg.de/veranstaltungen/2782907/2026/09/01/bipa-elterncafé-für-eltern-mit-kindern-von-1-3-jahren.html
2026-09-01,Senior:innen Nachmittag,,https://www.bsf-richtsberg.de/veranstaltungen/2766698/2026/09/01/senior-innen-nachmittag.html
2026-09-01,Bipa Gruppe für überwiegend afghanisch sprechende Eltern,,https://www.bsf-richtsberg.de/veranstaltungen/2870156/2026/09/01/bipa-gruppe-für-überwiegend-afghanisch-sprechende-eltern.html
2026-09-02,Frauencafé,,https://www.bsf-richtsberg.de/veranstaltungen/2782982/2026/09/02/frauencafé.html
2026-09-04,Afghanische Frauengruppe,,https://www.bsf-richtsberg.de/veranstaltungen/2782993/2026/09/04/afghanische-frauengruppe.html
2026-09-07,Offenes Büro im Familiennetzwerk,,https://www.bsf-richtsberg.de/veranstaltungen/2870266/2026/09/07/offenes-büro-im-familiennetzwerk.html
2026-09-07,Babycafé,,https://www.bsf-richtsberg.de/veranstaltungen/2782902/2026/09/07/babycafé.html
2026-09-07,Lernwerkstatt der VHS im Familiennetzwerk,,https://www.bsf-richtsberg.de/veranstaltungen/2870255/2026/09/07/lernwerkstatt-der-vhs-im-familiennetzwerk.html
2026-09-08,Offenes Büro im Familiennetzwerk,,https://www.bsf-richtsberg.de/veranstaltungen/2870270/2026/09/08/offenes-büro-im-familiennetzwerk.html
2026-09-08,Bipa Elterncafé: für Eltern mit Kindern von 1-3 Jahren,,https://www.bsf-richtsberg.de/veranstaltungen/2782907/2026/09/08/bipa-elterncafé-für-eltern-mit-kindern-von-1-3-jahren.html
2026-09-08,Senior:innen Nachmittag,,https://www.bsf-richtsberg.de/veranstaltungen/2766698/2026/09/08/senior-innen-nachmittag.html
2026-09-08,Bipa Gruppe für überwiegend afghanisch sprechende Eltern,,https://www.bsf-richtsberg.de/veranstaltungen/2870156/2026/09/08/bipa-gruppe-für-überwiegend-afghanisch-sprechende-eltern.html
2026-09-09,Frauencafé,,https://www.bsf-richtsberg.de/veranstaltungen/2782982/2026/09/09/frauencafé.html
2026-09-10,"Offenes Café im Familiennetzwerk, Am Richtsberg 68",,https://www.bsf-richtsberg.de/veranstaltungen/2836095/2026/09/10/offenes-café-im-familiennetzwerk-am-richtsberg-68.html
2026-09-11,Afghanische Frauengruppe,,https://www.bsf-richtsberg.de/veranstaltungen/2782993/2026/09/11/afghanische-frauengruppe.html
2026-09-14,Offenes Büro im Familiennetzwerk,,https://www.bsf-richtsberg.de/veranstaltungen/2870266/2026/09/14/offenes-büro-im-familiennetzwerk.html
2026-09-14,Babycafé,,https://www.bsf-richtsberg.de/veranstaltungen/2782902/2026/09/14/babycafé.html
2026-09-14,Lernwerkstatt der VHS im Familiennetzwerk,,https://www.bsf-richtsberg.de/veranstaltungen/2870255/2026/09/14/lernwerkstatt-der-vhs-im-familiennetzwerk.html
2026-09-15,Offenes Büro im Familiennetzwerk,,https://www.bsf-richtsberg.de/veranstaltungen/2870270/2026/09/15/offenes-büro-im-familiennetzwerk.html
2026-09-15,Bipa Elterncafé: für Eltern mit Kindern von 1-3 Jahren,,https://www.bsf-richtsberg.de/veranstaltungen/2782907/2026/09/15/bipa-elterncafé-für-eltern-mit-kindern-von-1-3-jahren.html
2026-09-15,Senior:innen Nachmittag,,https://www.bsf-richtsberg.de/veranstaltungen/2766698/2026/09/15/senior-innen-nachmittag.html
2026-09-15,Bipa Gruppe für überwiegend afghanisch sprechende Eltern,,https://www.bsf-richtsberg.de/veranstaltungen/2870156/2026/09/15/bipa-gruppe-für-überwiegend-afghanisch-sprechende-eltern.html
2026-09-16,Frauencafé,,https://www.bsf-richtsberg.de/veranstaltungen/2782982/2026/09/16/frauencafé.html
2026-09-18,Afghanische Frauengruppe,,https://www.bsf-richtsberg.de/veranstaltungen/2782993/2026/09/18/afghanische-frauengruppe.html
2026-09-21,Offenes Büro im Familiennetzwerk,,https://www.bsf-richtsberg.de/veranstaltungen/2870266/2026/09/21/offenes-büro-im-familiennetzwerk.html
2026-09-21,Babycafé,,https://www.bsf-richtsberg.de/veranstaltungen/2782902/2026/09/21/babycafé.html
2026-09-21,Lernwerkstatt der VHS im Familiennetzwerk,,https://www.bsf-richtsberg.de/veranstaltungen/2870255/2026/09/21/lernwerkstatt-der-vhs-im-familiennetzwerk.html
2026-09-22,Offenes Büro im Familiennetzwerk,,https://www.bsf-richtsberg.de/veranstaltungen/2870270/2026/09/22/offenes-büro-im-familiennetzwerk.html
2026-09-22,Bipa Elterncafé: für Eltern mit Kindern von 1-3 Jahren,,https://www.bsf-richtsberg.de/veranstaltungen/2782907/2026/09/22/bipa-elterncafé-für-eltern-mit-kindern-von-1-3-jahren.html
2026-09-22,Senior:innen Nachmittag,,https://www.bsf-richtsberg.de/veranstaltungen/2766698/2026/09/22/senior-innen-nachmittag.html
2026-09-22,Bipa Gruppe für überwiegend afghanisch sprechende Eltern,,https://www.bsf-richtsberg.de/veranstaltungen/2870156/2026/09/22/bipa-gruppe-für-überwiegend-afghanisch-sprechende-eltern.html
2026-09-23,Frauencafé,,https://www.bsf-richtsberg.de/veranstaltungen/2782982/2026/09/23/frauencafé.html
2026-09-24,"Offenes Café im Familiennetzwerk, Am Richtsberg 68",,https://www.bsf-richtsberg.de/veranstaltungen/2836095/2026/09/24/offenes-café-im-familiennetzwerk-am-richtsberg-68.html
2026-09-25,Afghanische Frauengruppe,,https://www.bsf-richtsberg.de/veranstaltungen/2782993/2026/09/25/afghanische-frauengruppe.html
2026-09-28,Offenes Büro im Familiennetzwerk,,https://www.bsf-richtsberg.de/veranstaltungen/2870266/2026/09/28/offenes-büro-im-familiennetzwerk.html
2026-09-28,Babycafé,,https://www.bsf-richtsberg.de/veranstaltungen/2782902/2026/09/28/babycafé.html
2026-09-28,Lernwerkstatt der VHS im Familiennetzwerk,,https://www.bsf-richtsberg.de/veranstaltungen/2870255/2026/09/28/lernwerkstatt-der-vhs-im-familiennetzwerk.html
2026-09-29,Offenes Büro im Familiennetzwerk,,https://www.bsf-richtsberg.de/veranstaltungen/2870270/2026/09/29/offenes-büro-im-familiennetzwerk.html
2026-09-29,Bipa Elterncafé: für Eltern mit Kindern von 1-3 Jahren,,https://www.bsf-richtsberg.de/veranstaltungen/2782907/2026/09/29/bipa-elterncafé-für-eltern-mit-kindern-von-1-3-jahren.html
2026-09-29,Senior:innen Nachmittag,,https://www.bsf-richtsberg.de/veranstaltungen/2766698/2026/09/29/senior-innen-nachmittag.html
2026-09-29,Bipa Gruppe für überwiegend afghanisch sprechende Eltern,,https://www.bsf-richtsberg.de/veranstaltungen/2870156/2026/09/29/bipa-gruppe-für-überwiegend-afghanisch-sprechende-eltern.html
2026-09-30,Frauencafé,,https://www.bsf-richtsberg.de/veranstaltungen/2782982/2026/09/30/frauencafé.html
2026-10-02,Afghanische Frauengruppe,,https://www.bsf-richtsberg.de/veranstaltungen/2782993/2026/10/02/afghanische-frauengruppe.html
2026-10-05,Offenes Büro im Familiennetzwerk,,https://www.bsf-richtsberg.de/veranstaltungen/2870266/2026/10/05/offenes-büro-im-familiennetzwerk.html
2026-10-05,Babycafé,,https://www.bsf-richtsberg.de/veranstaltungen/2782902/2026/10/05/babycafé.html
2026-10-05,Lernwerkstatt der VHS im Familiennetzwerk,,https://www.bsf-richtsberg.de/veranstaltungen/2870255/2026/10/05/lernwerkstatt-der-vhs-im-familiennetzwerk.html
2026-10-06,Offenes Büro im Familiennetzwerk,,https://www.bsf-richtsberg.de/veranstaltungen/2870270/2026/10/06/offenes-büro-im-familiennetzwerk.html
2026-10-06,Bipa Elterncafé: für Eltern mit Kindern von 1-3 Jahren,,https://www.bsf-richtsberg.de/veranstaltungen/2782907/2026/10/06/bipa-elterncafé-für-eltern-mit-kindern-von-1-3-jahren.html
2026-10-06,Senior:innen Nachmittag,,https://www.bsf-richtsberg.de/veranstaltungen/2766698/2026/10/06/senior-innen-nachmittag.html
2026-10-06,Bipa Gruppe für überwiegend afghanisch sprechende Eltern,,https://www.bsf-richtsberg.de/veranstaltungen/2870156/2026/10/06/bipa-gruppe-für-überwiegend-afghanisch-sprechende-eltern.html
2026-10-07,Frauencafé,,https://www.bsf-richtsberg.de/veranstaltungen/2782982/2026/10/07/frauencafé.html
2026-10-08,"Offenes Café im Familiennetzwerk, Am Richtsberg 68",,https://www.bsf-richtsberg.de/veranstaltungen/2836095/2026/10/08/offenes-café-im-familiennetzwerk-am-richtsberg-68.html
2026-10-09,Afghanische Frauengruppe,,https://www.bsf-richtsberg.de/veranstaltungen/2782993/2026/10/09/afghanische-frauengruppe.html
2026-10-12,Offenes Büro im Familiennetzwerk,,https://www.bsf-richtsberg.de/veranstaltungen/2870266/2026/10/12/offenes-büro-im-familiennetzwerk.html
2026-10-12,Babycafé,,https://www.bsf-richtsberg.de/veranstaltungen/2782902/2026/10/12/babycafé.html
2026-10-12,Lernwerkstatt der VHS im Familiennetzwerk,,https://www.bsf-richtsberg.de/veranstaltungen/2870255/2026/10/12/lernwerkstatt-der-vhs-im-familiennetzwerk.html
2026-10-13,Offenes Büro im Familiennetzwerk,,https://www.bsf-richtsberg.de/veranstaltungen/2870270/2026/10/13/offenes-büro-im-familiennetzwerk.html
2026-10-13,Bipa Elterncafé: für Eltern mit Kindern von 1-3 Jahren,,https://www.bsf-richtsberg.de/veranstaltungen/2782907/2026/10/13/bipa-elterncafé-für-eltern-mit-kindern-von-1-3-jahren.html
2026-10-13,Senior:innen Nachmittag,,https://www.bsf-richtsberg.de/veranstaltungen/2766698/2026/10/13/senior-innen-nachmittag.html
2026-10-13,Bipa Gruppe für überwiegend afghanisch sprechende Eltern,,https://www.bsf-richtsberg.de/veranstaltungen/2870156/2026/10/13/bipa-gruppe-für-überwiegend-afghanisch-sprechende-eltern.html
2026-10-14,Frauencafé,,https://www.bsf-richtsberg.de/veranstaltungen/2782982/2026/10/14/frauencafé.html
2026-10-16,Afghanische Frauengruppe,,https://www.bsf-richtsberg.de/veranstaltungen/2782993/2026/10/16/afghanische-frauengruppe.html
2026-10-19,Offenes Büro im Familiennetzwerk,,https://www.bsf-richtsberg.de/veranstaltungen/2870266/2026/10/19/offenes-büro-im-familiennetzwerk.html
2026-10-19,Babycafé,,https://www.bsf-richtsberg.de/veranstaltungen/2782902/2026/10/19/babycafé.html
2026-10-19,Lernwerkstatt der VHS im Familiennetzwerk,,https://www.bsf-richtsberg.de/veranstaltungen/2870255/2026/10/19/lernwerkstatt-der-vhs-im-familiennetzwerk.html
2026-10-20,Offenes Büro im Familiennetzwerk,,https://www.bsf-richtsberg.de/veranstaltungen/2870270/2026/10/20/offenes-büro-im-familiennetzwerk.html
2026-10-20,Bipa Elterncafé: für Eltern mit Kindern von 1-3 Jahren,,https://www.bsf-richtsberg.de/veranstaltungen/2782907/2026/10/20/bipa-elterncafé-für-eltern-mit-kindern-von-1-3-jahren.html
2026-10-20,Senior:innen Nachmittag,,https://www.bsf-richtsberg.de/veranstaltungen/2766698/2026/10/20/senior-innen-nachmittag.html
2026-10-20,Bipa Gruppe für überwiegend afghanisch sprechende Eltern,,https://www.bsf-richtsberg.de/veranstaltungen/2870156/2026/10/20/bipa-gruppe-für-überwiegend-afghanisch-sprechende-eltern.html
2026-10-21,Frauencafé,,https://www.bsf-richtsberg.de/veranstaltungen/2782982/2026/10/21/frauencafé.html
2026-10-22,"Offenes Café im Familiennetzwerk, Am Richtsberg 68",,https://www.bsf-richtsberg.de/veranstaltungen/2836095/2026/10/22/offenes-café-im-familiennetzwerk-am-richtsberg-68.html
2026-10-23,Afghanische Frauengruppe,,https://www.bsf-richtsberg.de/veranstaltungen/2782993/2026/10/23/afghanische-frauengruppe.html
2026-10-26,Offenes Büro im Familiennetzwerk,,https://www.bsf-richtsberg.de/veranstaltungen/2870266/2026/10/26/offenes-büro-im-familiennetzwerk.html
2026-10-26,Babycafé,,https://www.bsf-richtsberg.de/veranstaltungen/2782902/2026/10/26/babycafé.html
2026-10-26,Lernwerkstatt der VHS im Familiennetzwerk,,https://www.bsf-richtsberg.de/veranstaltungen/2870255/2026/10/26/lernwerkstatt-der-vhs-im-familiennetzwerk.html
2026-10-27,Offenes Büro im Familiennetzwerk,,https://www.bsf-richtsberg.de/veranstaltungen/2870270/2026/10/27/offenes-büro-im-familiennetzwerk.html
2026-10-27,Bipa Elterncafé: für Eltern mit Kindern von 1-3 Jahren,,https://www.bsf-richtsberg.de/veranstaltungen/2782907/2026/10/27/bipa-elterncafé-für-eltern-mit-kindern-von-1-3-jahren.html
2026-10-27,Senior:innen Nachmittag,,https://www.bsf-richtsberg.de/veranstaltungen/2766698/2026/10/27/senior-innen-nachmittag.html
2026-10-27,Bipa Gruppe für überwiegend afghanisch sprechende Eltern,,https://www.bsf-richtsberg.de/veranstaltungen/2870156/2026/10/27/bipa-gruppe-für-überwiegend-afghanisch-sprechende-eltern.html
2026-10-28,Frauencafé,,https://www.bsf-richtsberg.de/veranstaltungen/2782982/2026/10/28/frauencafé.html
2026-10-30,Afghanische Frauengruppe,,https://www.bsf-richtsberg.de/veranstaltungen/2782993/2026/10/30/afghanische-frauengruppe.html
2026-11-02,Offenes Büro im Familiennetzwerk,,https://www.bsf-richtsberg.de/veranstaltungen/2870266/2026/11/02/offenes-büro-im-familiennetzwerk.html
2026-11-02,Babycafé,,https://www.bsf-richtsberg.de/veranstaltungen/2782902/2026/11/02/babycafé.html
2026-11-02,Lernwerkstatt der VHS im Familiennetzwerk,,https://www.bsf-richtsberg.de/veranstaltungen/2870255/2026/11/02/lernwerkstatt-der-vhs-im-familiennetzwerk.html
2026-11-03,Offenes Büro im Familiennetzwerk,,https://www.bsf-richtsberg.de/veranstaltungen/2870270/2026/11/03/offenes-büro-im-familiennetzwerk.html
2026-11-03,Bipa Elterncafé: für Eltern mit Kindern von 1-3 Jahren,,https://www.bsf-richtsberg.de/veranstaltungen/2782907/2026/11/03/bipa-elterncafé-für-eltern-mit-kindern-von-1-3-jahren.html
2026-11-03,Senior:innen Nachmittag,,https://www.bsf-richtsberg.de/veranstaltungen/2766698/2026/11/03/senior-innen-nachmittag.html
2026-11-03,Bipa Gruppe für überwiegend afghanisch sprechende Eltern,,https://www.bsf-richtsberg.de/veranstaltungen/2870156/2026/11/03/bipa-gruppe-für-überwiegend-afghanisch-sprechende-eltern.html
2026-11-04,Frauencafé,,https://www.bsf-richtsberg.de/veranstaltungen/2782982/2026/11/04/frauencafé.html
2026-11-05,"Offenes Café im Familiennetzwerk, Am Richtsberg 68",,https://www.bsf-richtsberg.de/veranstaltungen/2836095/2026/11/05/offenes-café-im-familiennetzwerk-am-richtsberg-68.html
2026-11-06,Afghanische Frauengruppe,,https://www.bsf-richtsberg.de/veranstaltungen/2782993/2026/11/06/afghanische-frauengruppe.html
2026-11-09,Offenes Büro im Familiennetzwerk,,https://www.bsf-richtsberg.de/veranstaltungen/2870266/2026/11/09/offenes-büro-im-familiennetzwerk.html
2026-11-09,Babycafé,,https://www.bsf-richtsberg.de/veranstaltungen/2782902/2026/11/09/babycafé.html
2026-11-09,Lernwerkstatt der VHS im Familiennetzwerk,,https://www.bsf-richtsberg.de/veranstaltungen/2870255/2026/11/09/lernwerkstatt-der-vhs-im-familiennetzwerk.html
2026-11-10,Offenes Büro im Familiennetzwerk,,https://www.bsf-richtsberg.de/veranstaltungen/2870270/2026/11/10/offenes-büro-im-familiennetzwerk.html
2026-11-10,Bipa Elterncafé: für Eltern mit Kindern von 1-3 Jahren,,https://www.bsf-richtsberg.de/veranstaltungen/2782907/2026/11/10/bipa-elterncafé-für-eltern-mit-kindern-von-1-3-jahren.html
2026-11-10,Senior:innen Nachmittag,,https://www.bsf-richtsberg.de/veranstaltungen/2766698/2026/11/10/senior-innen-nachmittag.html
2026-11-10,Bipa Gruppe für überwiegend afghanisch sprechende Eltern,,https://www.bsf-richtsberg.de/veranstaltungen/2870156/2026/11/10/bipa-gruppe-für-überwiegend-afghanisch-sprechende-eltern.html
2026-11-11,Frauencafé,,https://www.bsf-richtsberg.de/veranstaltungen/2782982/2026/11/11/frauencafé.html
2026-11-13,Afghanische Frauengruppe,,https://www.bsf-richtsberg.de/veranstaltungen/2782993/2026/11/13/afghanische-frauengruppe.html
2026-11-16,Offenes Büro im Familiennetzwerk,,https://www.bsf-richtsberg.de/veranstaltungen/2870266/2026/11/16/offenes-büro-im-familiennetzwerk.html
2026-11-16,Babycafé,,https://www.bsf-richtsberg.de/veranstaltungen/2782902/2026/11/16/babycafé.html
2026-11-16,Lernwerkstatt der VHS im Familiennetzwerk,,https://www.bsf-richtsberg.de/veranstaltungen/2870255/2026/11/16/lernwerkstatt-der-vhs-im-familiennetzwerk.html
2026-11-17,Offenes Büro im Familiennetzwerk,,https://www.bsf-richtsberg.de/veranstaltungen/2870270/2026/11/17/offenes-büro-im-familiennetzwerk.html
2026-11-17,Bipa Elterncafé: für Eltern mit Kindern von 1-3 Jahren,,https://www.bsf-richtsberg.de/veranstaltungen/2782907/2026/11/17/bipa-elterncafé-für-eltern-mit-kindern-von-1-3-jahren.html
2026-11-17,Senior:innen Nachmittag,,https://www.bsf-richtsberg.de/veranstaltungen/2766698/2026/11/17/senior-innen-nachmittag.html
2026-11-17,Bipa Gruppe für überwiegend afghanisch sprechende Eltern,,https://www.bsf-richtsberg.de/veranstaltungen/2870156/2026/11/17/bipa-gruppe-für-überwiegend-afghanisch-sprechende-eltern.html
2026-11-18,Frauencafé,,https://www.bsf-richtsberg.de/veranstaltungen/2782982/2026/11/18/frauencafé.html
2026-11-19,"Offenes Café im Familiennetzwerk, Am Richtsberg 68",,https://www.bsf-richtsberg.de/veranstaltungen/2836095/2026/11/19/offenes-café-im-familiennetzwerk-am-richtsberg-68.html
2026-11-20,Afghanische Frauengruppe,,https://www.bsf-richtsberg.de/veranstaltungen/2782993/2026/11/20/afghanische-frauengruppe.html
2026-11-23,Offenes Büro im Familiennetzwerk,,https://www.bsf-richtsberg.de/veranstaltungen/2870266/2026/11/23/offenes-büro-im-familiennetzwerk.html
2026-11-23,Babycafé,,https://www.bsf-richtsberg.de/veranstaltungen/2782902/2026/11/23/babycafé.html
2026-11-23,Maribel Sprechstunde im Familiennetzwerk,,https://www.bsf-richtsberg.de/veranstaltungen/2870244/2026/11/23/maribel-sprechstunde-im-familiennetzwerk.html
2026-11-23,Lernwerkstatt der VHS im Familiennetzwerk,,https://www.bsf-richtsberg.de/veranstaltungen/2870255/2026/11/23/lernwerkstatt-der-vhs-im-familiennetzwerk.html
2026-11-24,Offenes Büro im Familiennetzwerk,,https://www.bsf-richtsberg.de/veranstaltungen/2870270/2026/11/24/offenes-büro-im-familiennetzwerk.html
2026-11-24,Bipa Elterncafé: für Eltern mit Kindern von 1-3 Jahren,,https://www.bsf-richtsberg.de/veranstaltungen/2782907/2026/11/24/bipa-elterncafé-für-eltern-mit-kindern-von-1-3-jahren.html
2026-11-24,Senior:innen Nachmittag,,https://www.bsf-richtsberg.de/veranstaltungen/2766698/2026/11/24/senior-innen-nachmittag.html
2026-11-24,Bipa Gruppe für überwiegend afghanisch sprechende Eltern,,https://www.bsf-richtsberg.de/veranstaltungen/2870156/2026/11/24/bipa-gruppe-für-überwiegend-afghanisch-sprechende-eltern.html
2026-11-25,Frauencafé,,https://www.bsf-richtsberg.de/veranstaltungen/2782982/2026/11/25/frauencafé.html
2026-11-27,Afghanische Frauengruppe,,https://www.bsf-richtsberg.de/veranstaltungen/2782993/2026/11/27/afghanische-frauengruppe.html
2026-11-30,Offenes Büro im Familiennetzwerk,,https://www.bsf-richtsberg.de/veranstaltungen/2870266/2026/11/30/offenes-büro-im-familiennetzwerk.html
2026-11-30,Babycafé,,https://www.bsf-richtsberg.de/veranstaltungen/2782902/2026/11/30/babycafé.html
2026-11-30,Lernwerkstatt der VHS im Familiennetzwerk,,https://www.bsf-richtsberg.de/veranstaltungen/2870255/2026/11/30/lernwerkstatt-der-vhs-im-familiennetzwerk.html
2026-12-01,Offenes Büro im Familiennetzwerk,,https://www.bsf-richtsberg.de/veranstaltungen/2870270/2026/12/01/offenes-büro-im-familiennetzwerk.html
2026-12-01,Bipa Elterncafé: für Eltern mit Kindern von 1-3 Jahren,,https://www.bsf-richtsberg.de/veranstaltungen/2782907/2026/12/01/bipa-elterncafé-für-eltern-mit-kindern-von-1-3-jahren.html
2026-12-01,Senior:innen Nachmittag,,https://www.bsf-richtsberg.de/veranstaltungen/2766698/2026/12/01/senior-innen-nachmittag.html
2026-12-01,Bipa Gruppe für überwiegend afghanisch sprechende Eltern,,https://www.bsf-richtsberg.de/veranstaltungen/2870156/2026/12/01/bipa-gruppe-für-überwiegend-afghanisch-sprechende-eltern.html
2026-12-02,Frauencafé,,https://www.bsf-richtsberg.de/veranstaltungen/2782982/2026/12/02/frauencafé.html
2026-12-03,"Offenes Café im Familiennetzwerk, Am Richtsberg 68",,https://www.bsf-richtsberg.de/veranstaltungen/2836095/2026/12/03/offenes-café-im-familiennetzwerk-am-richtsberg-68.html
2026-12-04,Afghanische Frauengruppe,,https://www.bsf-richtsberg.de/veranstaltungen/2782993/2026/12/04/afghanische-frauengruppe.html
2026-12-07,Offenes Büro im Familiennetzwerk,,https://www.bsf-richtsberg.de/veranstaltungen/2870266/2026/12/07/offenes-büro-im-familiennetzwerk.html
2026-12-07,Babycafé,,https://www.bsf-richtsberg.de/veranstaltungen/2782902/2026/12/07/babycafé.html
2026-12-07,Lernwerkstatt der VHS im Familiennetzwerk,,https://www.bsf-richtsberg.de/veranstaltungen/2870255/2026/12/07/lernwerkstatt-der-vhs-im-familiennetzwerk.html
2026-12-08,Offenes Büro im Familiennetzwerk,,https://www.bsf-richtsberg.de/veranstaltungen/2870270/2026/12/08/offenes-büro-im-familiennetzwerk.html
2026-12-08,Bipa Elterncafé: für Eltern mit Kindern von 1-3 Jahren,,https://www.bsf-richtsberg.de/veranstaltungen/2782907/2026/12/08/bipa-elterncafé-für-eltern-mit-kindern-von-1-3-jahren.html
2026-12-08,Senior:innen Nachmittag,,https://www.bsf-richtsberg.de/veranstaltungen/2766698/2026/12/08/senior-innen-nachmittag.html
2026-12-08,Bipa Gruppe für überwiegend afghanisch sprechende Eltern,,https://www.bsf-richtsberg.de/veranstaltungen/2870156/2026/12/08/bipa-gruppe-für-überwiegend-afghanisch-sprechende-eltern.html
2026-12-09,Frauencafé,,https://www.bsf-richtsberg.de/veranstaltungen/2782982/2026/12/09/frauencafé.html
2026-12-11,Afghanische Frauengruppe,,https://www.bsf-richtsberg.de/veranstaltungen/2782993/2026/12/11/afghanische-frauengruppe.html
2026-12-14,Offenes Büro im Familiennetzwerk,,https://www.bsf-richtsberg.de/veranstaltungen/2870266/2026/12/14/offenes-büro-im-familiennetzwerk.html
2026-12-14,Babycafé,,https://www.bsf-richtsberg.de/veranstaltungen/2782902/2026/12/14/babycafé.html
2026-12-14,Lernwerkstatt der VHS im Familiennetzwerk,,https://www.bsf-richtsberg.de/veranstaltungen/2870255/2026/12/14/lernwerkstatt-der-vhs-im-familiennetzwerk.html
2026-12-15,Offenes Büro im Familiennetzwerk,,https://www.bsf-richtsberg.de/veranstaltungen/2870270/2026/12/15/offenes-büro-im-familiennetzwerk.html
2026-12-15,Bipa Elterncafé: für Eltern mit Kindern von 1-3 Jahren,,https://www.bsf-richtsberg.de/veranstaltungen/2782907/2026/12/15/bipa-elterncafé-für-eltern-mit-kindern-von-1-3-jahren.html
2026-12-15,Senior:innen Nachmittag,,https://www.bsf-richtsberg.de/veranstaltungen/2766698/2026/12/15/senior-innen-nachmittag.html
2026-12-15,Bipa Gruppe für überwiegend afghanisch sprechende Eltern,,https://www.bsf-richtsberg.de/veranstaltungen/2870156/2026/12/15/bipa-gruppe-für-überwiegend-afghanisch-sprechende-eltern.html
2026-12-16,Frauencafé,,https://www.bsf-richtsberg.de/veranstaltungen/2782982/2026/12/16/frauencafé.html
2026-12-17,"Offenes Café im Familiennetzwerk, Am Richtsberg 68",,https://www.bsf-richtsberg.de/veranstaltungen/2836095/2026/12/17/offenes-café-im-familiennetzwerk-am-richtsberg-68.html
2026-12-18,Afghanische Frauengruppe,,https://www.bsf-richtsberg.de/veranstaltungen/2782993/2026/12/18/afghanische-frauengruppe.html
2026-12-21,Offenes Büro im Familiennetzwerk,,https://www.bsf-richtsberg.de/veranstaltungen/2870266/2026/12/21/offenes-büro-im-familiennetzwerk.html
2026-12-21,Babycafé,,https://www.bsf-richtsberg.de/veranstaltungen/2782902/2026/12/21/babycafé.html
2026-12-21,Lernwerkstatt der VHS im Familiennetzwerk,,https://www.bsf-richtsberg.de/veranstaltungen/2870255/2026/12/21/lernwerkstatt-der-vhs-im-familiennetzwerk.html
2026-12-22,Offenes Büro im Familiennetzwerk,,https://www.bsf-richtsberg.de/veranstaltungen/2870270/2026/12/22/offenes-büro-im-familiennetzwerk.html
2026-12-22,Bipa Elterncafé: für Eltern mit Kindern von 1-3 Jahren,,https://www.bsf-richtsberg.de/veranstaltungen/2782907/2026/12/22/bipa-elterncafé-für-eltern-mit-kindern-von-1-3-jahren.html
2026-12-22,Senior:innen Nachmittag,,https://www.bsf-richtsberg.de/veranstaltungen/2766698/2026/12/22/senior-innen-nachmittag.html
2026-12-22,Bipa Gruppe für überwiegend afghanisch sprechende Eltern,,https://www.bsf-richtsberg.de/veranstaltungen/2870156/2026/12/22/bipa-gruppe-für-überwiegend-afghanisch-sprechende-eltern.html
2026-12-23,Frauencafé,,https://www.bsf-richtsberg.de/veranstaltungen/2782982/2026/12/23/frauencafé.html
2026-12-25,Afghanische Frauengruppe,,https://www.bsf-richtsberg.de/veranstaltungen/2782993/2026/12/25/afghanische-frauengruppe.html
2026-12-28,Offenes Büro im Familiennetzwerk,,https://www.bsf-richtsberg.de/veranstaltungen/2870266/2026/12/28/offenes-büro-im-familiennetzwerk.html
2026-12-28,Babycafé,,https://www.bsf-richtsberg.de/veranstaltungen/2782902/2026/12/28/babycafé.html
2026-12-28,Lernwerkstatt der VHS im Familiennetzwerk,,https://www.bsf-richtsberg.de/veranstaltungen/2870255/2026/12/28/lernwerkstatt-der-vhs-im-familiennetzwerk.html
2026-12-29,Offenes Büro im Familiennetzwerk,,https://www.bsf-richtsberg.de/veranstaltungen/2870270/2026/12/29/offenes-büro-im-familiennetzwerk.html
2026-12-29,Bipa Elterncafé: für Eltern mit Kindern von 1-3 Jahren,,https://www.bsf-richtsberg.de/veranstaltungen/2782907/2026/12/29/bipa-elterncafé-für-eltern-mit-kindern-von-1-3-jahren.html
2026-12-29,Senior:innen Nachmittag,,https://www.bsf-richtsberg.de/veranstaltungen/2766698/2026/12/29/senior-innen-nachmittag.html
2026-12-29,Bipa Gruppe für überwiegend afghanisch sprechende Eltern,,https://www.bsf-richtsberg.de/veranstaltungen/2870156/2026/12/29/bipa-gruppe-für-überwiegend-afghanisch-sprechende-eltern.html
2026-12-30,Frauencafé,,https://www.bsf-richtsberg.de/veranstaltungen/2782982/2026/12/30/frauencafé.html
2026-12-31,"Offenes Café im Familiennetzwerk, Am Richtsberg 68",,https://www.bsf-richtsberg.de/veranstaltungen/2836095/2026/12/31/offenes-café-im-familiennetzwerk-am-richtsberg-68.html
2027-01-01,Afghanische Frauengruppe,,https://www.bsf-richtsberg.de/veranstaltungen/2782993/2027/01/01/afghanische-frauengruppe.html
2027-01-04,Offenes Büro im Familiennetzwerk,,https://www.bsf-richtsberg.de/veranstaltungen/2870266/2027/01/04/offenes-büro-im-familiennetzwerk.html
2027-01-04,Babycafé,,https://www.bsf-richtsberg.de/veranstaltungen/2782902/2027/01/04/babycafé.html
2027-01-04,Lernwerkstatt der VHS im Familiennetzwerk,,https://www.bsf-richtsberg.de/veranstaltungen/2870255/2027/01/04/lernwerkstatt-der-vhs-im-familiennetzwerk.html
2027-01-05,Offenes Büro im Familiennetzwerk,,https://www.bsf-richtsberg.de/veranstaltungen/2870270/2027/01/05/offenes-büro-im-familiennetzwerk.html
2027-01-05,Bipa Elterncafé: für Eltern mit Kindern von 1-3 Jahren,,https://www.bsf-richtsberg.de/veranstaltungen/2782907/2027/01/05/bipa-elterncafé-für-eltern-mit-kindern-von-1-3-jahren.html
2027-01-05,Senior:innen Nachmittag,,https://www.bsf-richtsberg.de/veranstaltungen/2766698/2027/01/05/senior-innen-nachmittag.html
2027-01-05,Bipa Gruppe für überwiegend afghanisch sprechende Eltern,,https://www.bsf-richtsberg.de/veranstaltungen/2870156/2027/01/05/bipa-gruppe-für-überwiegend-afghanisch-sprechende-eltern.html
2027-01-06,Frauencafé,,https://www.bsf-richtsberg.de/veranstaltungen/2782982/2027/01/06/frauencafé.html
2027-01-08,Afghanische Frauengruppe,,https://www.bsf-richtsberg.de/veranstaltungen/2782993/2027/01/08/afghanische-frauengruppe.html
2027-01-11,Offenes Büro im Familiennetzwerk,,https://www.bsf-richtsberg.de/veranstaltungen/2870266/2027/01/11/offenes-büro-im-familiennetzwerk.html
2027-01-11,Babycafé,,https://www.bsf-richtsberg.de/veranstaltungen/2782902/2027/01/11/babycafé.html
2027-01-11,Lernwerkstatt der VHS im Familiennetzwerk,,https://www.bsf-richtsberg.de/veranstaltungen/2870255/2027/01/11/lernwerkstatt-der-vhs-im-familiennetzwerk.html
2027-01-12,Offenes Büro im Familiennetzwerk,,https://www.bsf-richtsberg.de/veranstaltungen/2870270/2027/01/12/offenes-büro-im-familiennetzwerk.html
2027-01-12,Bipa Elterncafé: für Eltern mit Kindern von 1-3 Jahren,,https://www.bsf-richtsberg.de/veranstaltungen/2782907/2027/01/12/bipa-elterncafé-für-eltern-mit-kindern-von-1-3-jahren.html
2027-01-12,Senior:innen Nachmittag,,https://www.bsf-richtsberg.de/veranstaltungen/2766698/2027/01/12/senior-innen-nachmittag.html
2027-01-12,Bipa Gruppe für überwiegend afghanisch sprechende Eltern,,https://www.bsf-richtsberg.de/veranstaltungen/2870156/2027/01/12/bipa-gruppe-für-überwiegend-afghanisch-sprechende-eltern.html
2027-01-13,Frauencafé,,https://www.bsf-richtsberg.de/veranstaltungen/2782982/2027/01/13/frauencafé.html
2027-01-14,"Offenes Café im Familiennetzwerk, Am Richtsberg 68",,https://www.bsf-richtsberg.de/veranstaltungen/2836095/2027/01/14/offenes-café-im-familiennetzwerk-am-richtsberg-68.html
2027-01-15,Afghanische Frauengruppe,,https://www.bsf-richtsberg.de/veranstaltungen/2782993/2027/01/15/afghanische-frauengruppe.html
2027-01-18,Offenes Büro im Familiennetzwerk,,https://www.bsf-richtsberg.de/veranstaltungen/2870266/2027/01/18/offenes-büro-im-familiennetzwerk.html
2027-01-18,Babycafé,,https://www.bsf-richtsberg.de/veranstaltungen/2782902/2027/01/18/babycafé.html
2027-01-18,Lernwerkstatt der VHS im Familiennetzwerk,,https://www.bsf-richtsberg.de/veranstaltungen/2870255/2027/01/18/lernwerkstatt-der-vhs-im-familiennetzwerk.html
2027-01-19,Offenes Büro im Familiennetzwerk,,https://www.bsf-richtsberg.de/veranstaltungen/2870270/2027/01/19/offenes-büro-im-familiennetzwerk.html
2027-01-19,Bipa Elterncafé: für Eltern mit Kindern von 1-3 Jahren,,https://www.bsf-richtsberg.de/veranstaltungen/2782907/2027/01/19/bipa-elterncafé-für-eltern-mit-kindern-von-1-3-jahren.html
2027-01-19,Senior:innen Nachmittag,,https://www.bsf-richtsberg.de/veranstaltungen/2766698/2027/01/19/senior-innen-nachmittag.html
2027-01-19,Bipa Gruppe für überwiegend afghanisch sprechende Eltern,,https://www.bsf-richtsberg.de/veranstaltungen/2870156/2027/01/19/bipa-gruppe-für-überwiegend-afghanisch-sprechende-eltern.html
2027-01-20,Frauencafé,,https://www.bsf-richtsberg.de/veranstaltungen/2782982/2027/01/20/frauencafé.html
2027-01-22,Afghanische Frauengruppe,,https://www.bsf-richtsberg.de/veranstaltungen/2782993/2027/01/22/afghanische-frauengruppe.html
2027-01-25,Offenes Büro im Familiennetzwerk,,https://www.bsf-richtsberg.de/veranstaltungen/2870266/2027/01/25/offenes-büro-im-familiennetzwerk.html
2027-01-25,Babycafé,,https://www.bsf-richtsberg.de/veranstaltungen/2782902/2027/01/25/babycafé.html
2027-01-25,Lernwerkstatt der VHS im Familiennetzwerk,,https://www.bsf-richtsberg.de/veranstaltungen/2870255/2027/01/25/lernwerkstatt-der-vhs-im-familiennetzwerk.html
2027-01-26,Offenes Büro im Familiennetzwerk,,https://www.bsf-richtsberg.de/veranstaltungen/2870270/2027/01/26/offenes-büro-im-familiennetzwerk.html
2027-01-26,Bipa Elterncafé: für Eltern mit Kindern von 1-3 Jahren,,https://www.bsf-richtsberg.de/veranstaltungen/2782907/2027/01/26/bipa-elterncafé-für-eltern-mit-kindern-von-1-3-jahren.html
2027-01-26,Senior:innen Nachmittag,,https://www.bsf-richtsberg.de/veranstaltungen/2766698/2027/01/26/senior-innen-nachmittag.html
2027-01-26,Bipa Gruppe für überwiegend afghanisch sprechende Eltern,,https://www.bsf-richtsberg.de/veranstaltungen/2870156/2027/01/26/bipa-gruppe-für-überwiegend-afghanisch-sprechende-eltern.html
2027-01-27,Frauencafé,,https://www.bsf-richtsberg.de/veranstaltungen/2782982/2027/01/27/frauencafé.html
2027-01-28,"Offenes Café im Familiennetzwerk, Am Richtsberg 68",,https://www.bsf-richtsberg.de/veranstaltungen/2836095/2027/01/28/offenes-café-im-familiennetzwerk-am-richtsberg-68.html
2027-01-29,Afghanische Frauengruppe,,https://www.bsf-richtsberg.de/veranstaltungen/2782993/2027/01/29/afghanische-frauengruppe.html
2027-02-01,Offenes Büro im Familiennetzwerk,,https://www.bsf-richtsberg.de/veranstaltungen/2870266/2027/02/01/offenes-büro-im-familiennetzwerk.html
2027-02-01,Babycafé,,https://www.bsf-richtsberg.de/veranstaltungen/2782902/2027/02/01/babycafé.html
2027-02-01,Lernwerkstatt der VHS im Familiennetzwerk,,https://www.bsf-richtsberg.de/veranstaltungen/2870255/2027/02/01/lernwerkstatt-der-vhs-im-familiennetzwerk.html
2027-02-02,Offenes Büro im Familiennetzwerk,,https://www.bsf-richtsberg.de/veranstaltungen/2870270/2027/02/02/offenes-büro-im-familiennetzwerk.html
2027-02-02,Bipa Elterncafé: für Eltern mit Kindern von 1-3 Jahren,,https://www.bsf-richtsberg.de/veranstaltungen/2782907/2027/02/02/bipa-elterncafé-für-eltern-mit-kindern-von-1-3-jahren.html
2027-02-02,Senior:innen Nachmittag,,https://www.bsf-richtsberg.de/veranstaltungen/2766698/2027/02/02/senior-innen-nachmittag.html
2027-02-02,Bipa Gruppe für überwiegend afghanisch sprechende Eltern,,https://www.bsf-richtsberg.de/veranstaltungen/2870156/2027/02/02/bipa-gruppe-für-überwiegend-afghanisch-sprechende-eltern.html
2027-02-03,Frauencafé,,https://www.bsf-richtsberg.de/veranstaltungen/2782982/2027/02/03/frauencafé.html
2027-02-05,Afghanische Frauengruppe,,https://www.bsf-richtsberg.de/veranstaltungen/2782993/2027/02/05/afghanische-frauengruppe.html
2027-02-08,Offenes Büro im Familiennetzwerk,,https://www.bsf-richtsberg.de/veranstaltungen/2870266/2027/02/08/offenes-büro-im-familiennetzwerk.html
2027-02-08,Babycafé,,https://www.bsf-richtsberg.de/veranstaltungen/2782902/2027/02/08/babycafé.html
2027-02-08,Lernwerkstatt der VHS im Familiennetzwerk,,https://www.bsf-richtsberg.de/veranstaltungen/2870255/2027/02/08/lernwerkstatt-der-vhs-im-familiennetzwerk.html
2027-02-09,Offenes Büro im Familiennetzwerk,,https://www.bsf-richtsberg.de/veranstaltungen/2870270/2027/02/09/offenes-büro-im-familiennetzwerk.html
2027-02-09,Bipa Elterncafé: für Eltern mit Kindern von 1-3 Jahren,,https://www.bsf-richtsberg.de/veranstaltungen/2782907/2027/02/09/bipa-elterncafé-für-eltern-mit-kindern-von-1-3-jahren.html
2027-02-09,Senior:innen Nachmittag,,https://www.bsf-richtsberg.de/veranstaltungen/2766698/2027/02/09/senior-innen-nachmittag.html
2027-02-09,Bipa Gruppe für überwiegend afghanisch sprechende Eltern,,https://www.bsf-richtsberg.de/veranstaltungen/2870156/2027/02/09/bipa-gruppe-für-überwiegend-afghanisch-sprechende-eltern.html
2027-02-10,Frauencafé,,https://www.bsf-richtsberg.de/veranstaltungen/2782982/2027/02/10/frauencafé.html
2027-02-11,"Offenes Café im Familiennetzwerk, Am Richtsberg 68",,https://www.bsf-richtsberg.de/veranstaltungen/2836095/2027/02/11/offenes-café-im-familiennetzwerk-am-richtsberg-68.html
2027-02-12,Afghanische Frauengruppe,,https://www.bsf-richtsberg.de/veranstaltungen/2782993/2027/02/12/afghanische-frauengruppe.html
2027-02-15,Offenes Büro im Familiennetzwerk,,https://www.bsf-richtsberg.de/veranstaltungen/2870266/2027/02/15/offenes-büro-im-familiennetzwerk.html
2027-02-15,Babycafé,,https://www.bsf-richtsberg.de/veranstaltungen/2782902/2027/02/15/babycafé.html
2027-02-15,Lernwerkstatt der VHS im Familiennetzwerk,,https://www.bsf-richtsberg.de/veranstaltungen/2870255/2027/02/15/lernwerkstatt-der-vhs-im-familiennetzwerk.html
2027-02-16,Offenes Büro im Familiennetzwerk,,https://www.bsf-richtsberg.de/veranstaltungen/2870270/2027/02/16/offenes-büro-im-familiennetzwerk.html
2027-02-16,Bipa Elterncafé: für Eltern mit Kindern von 1-3 Jahren,,https://www.bsf-richtsberg.de/veranstaltungen/2782907/2027/02/16/bipa-elterncafé-für-eltern-mit-kindern-von-1-3-jahren.html
2027-02-16,Senior:innen Nachmittag,,https://www.bsf-richtsberg.de/veranstaltungen/2766698/2027/02/16/senior-innen-nachmittag.html
2027-02-16,Bipa Gruppe für überwiegend afghanisch sprechende Eltern,,https://www.bsf-richtsberg.de/veranstaltungen/2870156/2027/02/16/bipa-gruppe-für-überwiegend-afghanisch-sprechende-eltern.html
2027-02-17,Frauencafé,,https://www.bsf-richtsberg.de/veranstaltungen/2782982/2027/02/17/frauencafé.html
2027-02-19,Afghanische Frauengruppe,,https://www.bsf-richtsberg.de/veranstaltungen/2782993/2027/02/19/afghanische-frauengruppe.html
2027-02-22,Offenes Büro im Familiennetzwerk,,https://www.bsf-richtsberg.de/veranstaltungen/2870266/2027/02/22/offenes-büro-im-familiennetzwerk.html
2027-02-22,Babycafé,,https://www.bsf-richtsberg.de/veranstaltungen/2782902/2027/02/22/babycafé.html
2027-02-22,Lernwerkstatt der VHS im Familiennetzwerk,,https://www.bsf-richtsberg.de/veranstaltungen/2870255/2027/02/22/lernwerkstatt-der-vhs-im-familiennetzwerk.html
2027-02-23,Offenes Büro im Familiennetzwerk,,https://www.bsf-richtsberg.de/veranstaltungen/2870270/2027/02/23/offenes-büro-im-familiennetzwerk.html
2027-02-23,Bipa Elterncafé: für Eltern mit Kindern von 1-3 Jahren,,https://www.bsf-richtsberg.de/veranstaltungen/2782907/2027/02/23/bipa-elterncafé-für-eltern-mit-kindern-von-1-3-jahren.html
2027-02-23,Senior:innen Nachmittag,,https://www.bsf-richtsberg.de/veranstaltungen/2766698/2027/02/23/senior-innen-nachmittag.html
2027-02-23,Bipa Gruppe für überwiegend afghanisch sprechende Eltern,,https://www.bsf-richtsberg.de/veranstaltungen/2870156/2027/02/23/bipa-gruppe-für-überwiegend-afghanisch-sprechende-eltern.html
2027-02-24,Frauencafé,,https://www.bsf-richtsberg.de/veranstaltungen/2782982/2027/02/24/frauencafé.html
2027-02-25,"Offenes Café im Familiennetzwerk, Am Richtsberg 68",,https://www.bsf-richtsberg.de/veranstaltungen/2836095/2027/02/25/offenes-café-im-familiennetzwerk-am-richtsberg-68.html
2027-02-26,Afghanische Frauengruppe,,https://www.bsf-richtsberg.de/veranstaltungen/2782993/2027/02/26/afghanische-frauengruppe.html
2027-03-01,Offenes Büro im Familiennetzwerk,,https://www.bsf-richtsberg.de/veranstaltungen/2870266/2027/03/01/offenes-büro-im-familiennetzwerk.html
2027-03-01,Babycafé,,https://www.bsf-richtsberg.de/veranstaltungen/2782902/2027/03/01/babycafé.html
2027-03-01,Lernwerkstatt der VHS im Familiennetzwerk,,https://www.bsf-richtsberg.de/veranstaltungen/2870255/2027/03/01/lernwerkstatt-der-vhs-im-familiennetzwerk.html
2027-03-02,Offenes Büro im Familiennetzwerk,,https://www.bsf-richtsberg.de/veranstaltungen/2870270/2027/03/02/offenes-büro-im-familiennetzwerk.html
2027-03-02,Bipa Elterncafé: für Eltern mit Kindern von 1-3 Jahren,,https://www.bsf-richtsberg.de/veranstaltungen/2782907/2027/03/02/bipa-elterncafé-für-eltern-mit-kindern-von-1-3-jahren.html
2027-03-02,Senior:innen Nachmittag,,https://www.bsf-richtsberg.de/veranstaltungen/2766698/2027/03/02/senior-innen-nachmittag.html
2027-03-02,Bipa Gruppe für überwiegend afghanisch sprechende Eltern,,https://www.bsf-richtsberg.de/veranstaltungen/2870156/2027/03/02/bipa-gruppe-für-überwiegend-afghanisch-sprechende-eltern.html
2027-03-03,Frauencafé,,https://www.bsf-richtsberg.de/veranstaltungen/2782982/2027/03/03/frauencafé.html
2027-03-05,Afghanische Frauengruppe,,https://www.bsf-richtsberg.de/veranstaltungen/2782993/2027/03/05/afghanische-frauengruppe.html
2027-03-08,Offenes Büro im Familiennetzwerk,,https://www.bsf-richtsberg.de/veranstaltungen/2870266/2027/03/08/offenes-büro-im-familiennetzwerk.html
2027-03-08,Babycafé,,https://www.bsf-richtsberg.de/veranstaltungen/2782902/2027/03/08/babycafé.html
2027-03-08,Lernwerkstatt der VHS im Familiennetzwerk,,https://www.bsf-richtsberg.de/veranstaltungen/2870255/2027/03/08/lernwerkstatt-der-vhs-im-familiennetzwerk.html
2027-03-09,Offenes Büro im Familiennetzwerk,,https://www.bsf-richtsberg.de/veranstaltungen/2870270/2027/03/09/offenes-büro-im-familiennetzwerk.html
2027-03-09,Bipa Elterncafé: für Eltern mit Kindern von 1-3 Jahren,,https://www.bsf-richtsberg.de/veranstaltungen/2782907/2027/03/09/bipa-elterncafé-für-eltern-mit-kindern-von-1-3-jahren.html
2027-03-09,Senior:innen Nachmittag,,https://www.bsf-richtsberg.de/veranstaltungen/2766698/2027/03/09/senior-innen-nachmittag.html
2027-03-09,Bipa Gruppe für überwiegend afghanisch sprechende Eltern,,https://www.bsf-richtsberg.de/veranstaltungen/2870156/2027/03/09/bipa-gruppe-für-überwiegend-afghanisch-sprechende-eltern.html
2027-03-10,Frauencafé,,https://www.bsf-richtsberg.de/veranstaltungen/2782982/2027/03/10/frauencafé.html
2027-03-11,"Offenes Café im Familiennetzwerk, Am Richtsberg 68",,https://www.bsf-richtsberg.de/veranstaltungen/2836095/2027/03/11/offenes-café-im-familiennetzwerk-am-richtsberg-68.html
2027-03-12,Afghanische Frauengruppe,,https://www.bsf-richtsberg.de/veranstaltungen/2782993/2027/03/12/afghanische-frauengruppe.html
2027-03-15,Offenes Büro im Familiennetzwerk,,https://www.bsf-richtsberg.de/veranstaltungen/2870266/2027/03/15/offenes-büro-im-familiennetzwerk.html
2027-03-15,Babycafé,,https://www.bsf-richtsberg.de/veranstaltungen/2782902/2027/03/15/babycafé.html
2027-03-15,Lernwerkstatt der VHS im Familiennetzwerk,,https://www.bsf-richtsberg.de/veranstaltungen/2870255/2027/03/15/lernwerkstatt-der-vhs-im-familiennetzwerk.html
2027-03-16,Offenes Büro im Familiennetzwerk,,https://www.bsf-richtsberg.de/veranstaltungen/2870270/2027/03/16/offenes-büro-im-familiennetzwerk.html
2027-03-16,Bipa Elterncafé: für Eltern mit Kindern von 1-3 Jahren,,https://www.bsf-richtsberg.de/veranstaltungen/2782907/2027/03/16/bipa-elterncafé-für-eltern-mit-kindern-von-1-3-jahren.html
2027-03-16,Senior:innen Nachmittag,,https://www.bsf-richtsberg.de/veranstaltungen/2766698/2027/03/16/senior-innen-nachmittag.html
2027-03-16,Bipa Gruppe für überwiegend afghanisch sprechende Eltern,,https://www.bsf-richtsberg.de/veranstaltungen/2870156/2027/03/16/bipa-gruppe-für-überwiegend-afghanisch-sprechende-eltern.html
2027-03-17,Frauencafé,,https://www.bsf-richtsberg.de/veranstaltungen/2782982/2027/03/17/frauencafé.html
2027-03-19,Afghanische Frauengruppe,,https://www.bsf-richtsberg.de/veranstaltungen/2782993/2027/03/19/afghanische-frauengruppe.html
2027-03-22,Offenes Büro im Familiennetzwerk,,https://www.bsf-richtsberg.de/veranstaltungen/2870266/2027/03/22/offenes-büro-im-familiennetzwerk.html
2027-03-22,Babycafé,,https://www.bsf-richtsberg.de/veranstaltungen/2782902/2027/03/22/babycafé.html
2027-03-22,Lernwerkstatt der VHS im Familiennetzwerk,,https://www.bsf-richtsberg.de/veranstaltungen/2870255/2027/03/22/lernwerkstatt-der-vhs-im-familiennetzwerk.html
2027-03-23,Offenes Büro im Familiennetzwerk,,https://www.bsf-richtsberg.de/veranstaltungen/2870270/2027/03/23/offenes-büro-im-familiennetzwerk.html
2027-03-23,Bipa Elterncafé: für Eltern mit Kindern von 1-3 Jahren,,https://www.bsf-richtsberg.de/veranstaltungen/2782907/2027/03/23/bipa-elterncafé-für-eltern-mit-kindern-von-1-3-jahren.html
2027-03-23,Senior:innen Nachmittag,,https://www.bsf-richtsberg.de/veranstaltungen/2766698/2027/03/23/senior-innen-nachmittag.html
2027-03-23,Bipa Gruppe für überwiegend afghanisch sprechende Eltern,,https://www.bsf-richtsberg.de/veranstaltungen/2870156/2027/03/23/bipa-gruppe-für-überwiegend-afghanisch-sprechende-eltern.html
2027-03-24,Frauencafé,,https://www.bsf-richtsberg.de/veranstaltungen/2782982/2027/03/24/frauencafé.html
2027-03-25,"Offenes Café im Familiennetzwerk, Am Richtsberg 68",,https://www.bsf-richtsberg.de/veranstaltungen/2836095/2027/03/25/offenes-café-im-familiennetzwerk-am-richtsberg-68.html
2027-03-26,Afghanische Frauengruppe,,https://www.bsf-richtsberg.de/veranstaltungen/2782993/2027/03/26/afghanische-frauengruppe.html
2027-03-29,Offenes Büro im Familiennetzwerk,,https://www.bsf-richtsberg.de/veranstaltungen/2870266/2027/03/29/offenes-büro-im-familiennetzwerk.html
2027-03-29,Babycafé,,https://www.bsf-richtsberg.de/veranstaltungen/2782902/2027/03/29/babycafé.html
2027-03-29,Lernwerkstatt der VHS im Familiennetzwerk,,https://www.bsf-richtsberg.de/veranstaltungen/2870255/2027/03/29/lernwerkstatt-der-vhs-im-familiennetzwerk.html
2027-03-30,Offenes Büro im Familiennetzwerk,,https://www.bsf-richtsberg.de/veranstaltungen/2870270/2027/03/30/offenes-büro-im-familiennetzwerk.html
2027-03-30,Bipa Elterncafé: für Eltern mit Kindern von 1-3 Jahren,,https://www.bsf-richtsberg.de/veranstaltungen/2782907/2027/03/30/bipa-elterncafé-für-eltern-mit-kindern-von-1-3-jahren.html
2027-03-30,Senior:innen Nachmittag,,https://www.bsf-richtsberg.de/veranstaltungen/2766698/2027/03/30/senior-innen-nachmittag.html
2027-03-30,Bipa Gruppe für überwiegend afghanisch sprechende Eltern,,https://www.bsf-richtsberg.de/veranstaltungen/2870156/2027/03/30/bipa-gruppe-für-überwiegend-afghanisch-sprechende-eltern.html
2027-03-31,Frauencafé,,https://www.bsf-richtsberg.de/veranstaltungen/2782982/2027/03/31/frauencafé.html
2027-04-02,Afghanische Frauengruppe,,https://www.bsf-richtsberg.de/veranstaltungen/2782993/2027/04/02/afghanische-frauengruppe.html
2027-04-05,Offenes Büro im Familiennetzwerk,,https://www.bsf-richtsberg.de/veranstaltungen/2870266/2027/04/05/offenes-büro-im-familiennetzwerk.html
2027-04-05,Babycafé,,https://www.bsf-richtsberg.de/veranstaltungen/2782902/2027/04/05/babycafé.html
2027-04-05,Lernwerkstatt der VHS im Familiennetzwerk,,https://www.bsf-richtsberg.de/veranstaltungen/2870255/2027/04/05/lernwerkstatt-der-vhs-im-familiennetzwerk.html
2027-04-06,Offenes Büro im Familiennetzwerk,,https://www.bsf-richtsberg.de/veranstaltungen/2870270/2027/04/06/offenes-büro-im-familiennetzwerk.html
2027-04-06,Bipa Elterncafé: für Eltern mit Kindern von 1-3 Jahren,,https://www.bsf-richtsberg.de/veranstaltungen/2782907/2027/04/06/bipa-elterncafé-für-eltern-mit-kindern-von-1-3-jahren.html
2027-04-06,Senior:innen Nachmittag,,https://www.bsf-richtsberg.de/veranstaltungen/2766698/2027/04/06/senior-innen-nachmittag.html
2027-04-06,Bipa Gruppe für überwiegend afghanisch sprechende Eltern,,https://www.bsf-richtsberg.de/veranstaltungen/2870156/2027/04/06/bipa-gruppe-für-überwiegend-afghanisch-sprechende-eltern.html
2027-04-07,Frauencafé,,https://www.bsf-richtsberg.de/veranstaltungen/2782982/2027/04/07/frauencafé.html
2027-04-08,"Offenes Café im Familiennetzwerk, Am Richtsberg 68",,https://www.bsf-richtsberg.de/veranstaltungen/2836095/2027/04/08/offenes-café-im-familiennetzwerk-am-richtsberg-68.html
2027-04-09,Afghanische Frauengruppe,,https://www.bsf-richtsberg.de/veranstaltungen/2782993/2027/04/09/afghanische-frauengruppe.html
2027-04-12,Offenes Büro im Familiennetzwerk,,https://www.bsf-richtsberg.de/veranstaltungen/2870266/2027/04/12/offenes-büro-im-familiennetzwerk.html
2027-04-12,Babycafé,,https://www.bsf-richtsberg.de/veranstaltungen/2782902/2027/04/12/babycafé.html
2027-04-12,Lernwerkstatt der VHS im Familiennetzwerk,,https://www.bsf-richtsberg.de/veranstaltungen/2870255/2027/04/12/lernwerkstatt-der-vhs-im-familiennetzwerk.html
2027-04-13,Offenes Büro im Familiennetzwerk,,https://www.bsf-richtsberg.de/veranstaltungen/2870270/2027/04/13/offenes-büro-im-familiennetzwerk.html
2027-04-13,Bipa Elterncafé: für Eltern mit Kindern von 1-3 Jahren,,https://www.bsf-richtsberg.de/veranstaltungen/2782907/2027/04/13/bipa-elterncafé-für-eltern-mit-kindern-von-1-3-jahren.html
2027-04-13,Senior:innen Nachmittag,,https://www.bsf-richtsberg.de/veranstaltungen/2766698/2027/04/13/senior-innen-nachmittag.html
2027-04-13,Bipa Gruppe für überwiegend afghanisch sprechende Eltern,,https://www.bsf-richtsberg.de/veranstaltungen/2870156/2027/04/13/bipa-gruppe-für-überwiegend-afghanisch-sprechende-eltern.html
2027-04-14,Frauencafé,,https://www.bsf-richtsberg.de/veranstaltungen/2782982/2027/04/14/frauencafé.html
2027-04-16,Afghanische Frauengruppe,,https://www.bsf-richtsberg.de/veranstaltungen/2782993/2027/04/16/afghanische-frauengruppe.html
2027-04-19,Offenes Büro im Familiennetzwerk,,https://www.bsf-richtsberg.de/veranstaltungen/2870266/2027/04/19/offenes-büro-im-familiennetzwerk.html
2027-04-19,Babycafé,,https://www.bsf-richtsberg.de/veranstaltungen/2782902/2027/04/19/babycafé.html
2027-04-19,Lernwerkstatt der VHS im Familiennetzwerk,,https://www.bsf-richtsberg.de/veranstaltungen/2870255/2027/04/19/lernwerkstatt-der-vhs-im-familiennetzwerk.html
2027-04-20,Offenes Büro im Familiennetzwerk,,https://www.bsf-richtsberg.de/veranstaltungen/2870270/2027/04/20/offenes-büro-im-familiennetzwerk.html
2027-04-20,Bipa Elterncafé: für Eltern mit Kindern von 1-3 Jahren,,https://www.bsf-richtsberg.de/veranstaltungen/2782907/2027/04/20/bipa-elterncafé-für-eltern-mit-kindern-von-1-3-jahren.html
2027-04-20,Senior:innen Nachmittag,,https://www.bsf-richtsberg.de/veranstaltungen/2766698/2027/04/20/senior-innen-nachmittag.html
2027-04-20,Bipa Gruppe für überwiegend afghanisch sprechende Eltern,,https://www.bsf-richtsberg.de/veranstaltungen/2870156/2027/04/20/bipa-gruppe-für-überwiegend-afghanisch-sprechende-eltern.html
2027-04-21,Frauencafé,,https://www.bsf-richtsberg.de/veranstaltungen/2782982/2027/04/21/frauencafé.html
2027-04-22,"Offenes Café im Familiennetzwerk, Am Richtsberg 68",,https://www.bsf-richtsberg.de/veranstaltungen/2836095/2027/04/22/offenes-café-im-familiennetzwerk-am-richtsberg-68.html
2027-04-23,Afghanische Frauengruppe,,https://www.bsf-richtsberg.de/veranstaltungen/2782993/2027/04/23/afghanische-frauengruppe.html
2027-04-26,Offenes Büro im Familiennetzwerk,,https://www.bsf-richtsberg.de/veranstaltungen/2870266/2027/04/26/offenes-büro-im-familiennetzwerk.html
2027-04-26,Babycafé,,https://www.bsf-richtsberg.de/veranstaltungen/2782902/2027/04/26/babycafé.html
2027-04-26,Lernwerkstatt der VHS im Familiennetzwerk,,https://www.bsf-richtsberg.de/veranstaltungen/2870255/2027/04/26/lernwerkstatt-der-vhs-im-familiennetzwerk.html
2027-04-27,Offenes Büro im Familiennetzwerk,,https://www.bsf-richtsberg.de/veranstaltungen/2870270/2027/04/27/offenes-büro-im-familiennetzwerk.html
2027-04-27,Bipa Elterncafé: für Eltern mit Kindern von 1-3 Jahren,,https://www.bsf-richtsberg.de/veranstaltungen/2782907/2027/04/27/bipa-elterncafé-für-eltern-mit-kindern-von-1-3-jahren.html
2027-04-27,Senior:innen Nachmittag,,https://www.bsf-richtsberg.de/veranstaltungen/2766698/2027/04/27/senior-innen-nachmittag.html
2027-04-27,Bipa Gruppe für überwiegend afghanisch sprechende Eltern,,https://www.bsf-richtsberg.de/veranstaltungen/2870156/2027/04/27/bipa-gruppe-für-überwiegend-afghanisch-sprechende-eltern.html
2027-04-28,Frauencafé,,https://www.bsf-richtsberg.de/veranstaltungen/2782982/2027/04/28/frauencafé.html
2027-04-30,Afghanische Frauengruppe,,https://www.bsf-richtsberg.de/veranstaltungen/2782993/2027/04/30/afghanische-frauengruppe.html
2027-05-03,Offenes Büro im Familiennetzwerk,,https://www.bsf-richtsberg.de/veranstaltungen/2870266/2027/05/03/offenes-büro-im-familiennetzwerk.html
2027-05-03,Babycafé,,https://www.bsf-richtsberg.de/veranstaltungen/2782902/2027/05/03/babycafé.html
2027-05-03,Lernwerkstatt der VHS im Familiennetzwerk,,https://www.bsf-richtsberg.de/veranstaltungen/2870255/2027/05/03/lernwerkstatt-der-vhs-im-familiennetzwerk.html
2027-05-04,Offenes Büro im Familiennetzwerk,,https://www.bsf-richtsberg.de/veranstaltungen/2870270/2027/05/04/offenes-büro-im-familiennetzwerk.html
2027-05-04,Bipa Elterncafé: für Eltern mit Kindern von 1-3 Jahren,,https://www.bsf-richtsberg.de/veranstaltungen/2782907/2027/05/04/bipa-elterncafé-für-eltern-mit-kindern-von-1-3-jahren.html
2027-05-04,Senior:innen Nachmittag,,https://www.bsf-richtsberg.de/veranstaltungen/2766698/2027/05/04/senior-innen-nachmittag.html
2027-05-04,Bipa Gruppe für überwiegend afghanisch sprechende Eltern,,https://www.bsf-richtsberg.de/veranstaltungen/2870156/2027/05/04/bipa-gruppe-für-überwiegend-afghanisch-sprechende-eltern.html
2027-05-05,Frauencafé,,https://www.bsf-richtsberg.de/veranstaltungen/2782982/2027/05/05/frauencafé.html
2027-05-06,"Offenes Café im Familiennetzwerk, Am Richtsberg 68",,https://www.bsf-richtsberg.de/veranstaltungen/2836095/2027/05/06/offenes-café-im-familiennetzwerk-am-richtsberg-68.html
2027-05-07,Afghanische Frauengruppe,,https://www.bsf-richtsberg.de/veranstaltungen/2782993/2027/05/07/afghanische-frauengruppe.html
2027-05-10,Offenes Büro im Familiennetzwerk,,https://www.bsf-richtsberg.de/veranstaltungen/2870266/2027/05/10/offenes-büro-im-familiennetzwerk.html
2027-05-10,Babycafé,,https://www.bsf-richtsberg.de/veranstaltungen/2782902/2027/05/10/babycafé.html
2027-05-10,Lernwerkstatt der VHS im Familiennetzwerk,,https://www.bsf-richtsberg.de/veranstaltungen/2870255/2027/05/10/lernwerkstatt-der-vhs-im-familiennetzwerk.html
2027-05-11,Offenes Büro im Familiennetzwerk,,https://www.bsf-richtsberg.de/veranstaltungen/2870270/2027/05/11/offenes-büro-im-familiennetzwerk.html
2027-05-11,Bipa Elterncafé: für Eltern mit Kindern von 1-3 Jahren,,https://www.bsf-richtsberg.de/veranstaltungen/2782907/2027/05/11/bipa-elterncafé-für-eltern-mit-kindern-von-1-3-jahren.html
2027-05-11,Senior:innen Nachmittag,,https://www.bsf-richtsberg.de/veranstaltungen/2766698/2027/05/11/senior-innen-nachmittag.html
2027-05-11,Bipa Gruppe für überwiegend afghanisch sprechende Eltern,,https://www.bsf-richtsberg.de/veranstaltungen/2870156/2027/05/11/bipa-gruppe-für-überwiegend-afghanisch-sprechende-eltern.html
2027-05-12,Frauencafé,,https://www.bsf-richtsberg.de/veranstaltungen/2782982/2027/05/12/frauencafé.html
2027-05-14,Afghanische Frauengruppe,,https://www.bsf-richtsberg.de/veranstaltungen/2782993/2027/05/14/afghanische-frauengruppe.html
2027-05-17,Offenes Büro im Familiennetzwerk,,https://www.bsf-richtsberg.de/veranstaltungen/2870266/2027/05/17/offenes-büro-im-familiennetzwerk.html
2027-05-17,Babycafé,,https://www.bsf-richtsberg.de/veranstaltungen/2782902/2027/05/17/babycafé.html
2027-05-17,Lernwerkstatt der VHS im Familiennetzwerk,,https://www.bsf-richtsberg.de/veranstaltungen/2870255/2027/05/17/lernwerkstatt-der-vhs-im-familiennetzwerk.html
2027-05-18,Offenes Büro im Familiennetzwerk,,https://www.bsf-richtsberg.de/veranstaltungen/2870270/2027/05/18/offenes-büro-im-familiennetzwerk.html
2027-05-18,Bipa Elterncafé: für Eltern mit Kindern von 1-3 Jahren,,https://www.bsf-richtsberg.de/veranstaltungen/2782907/2027/05/18/bipa-elterncafé-für-eltern-mit-kindern-von-1-3-jahren.html
2027-05-18,Senior:innen Nachmittag,,https://www.bsf-richtsberg.de/veranstaltungen/2766698/2027/05/18/senior-innen-nachmittag.html
2027-05-18,Bipa Gruppe für überwiegend afghanisch sprechende Eltern,,https://www.bsf-richtsberg.de/veranstaltungen/2870156/2027/05/18/bipa-gruppe-für-überwiegend-afghanisch-sprechende-eltern.html
2027-05-19,Frauencafé,,https://www.bsf-richtsberg.de/veranstaltungen/2782982/2027/05/19/frauencafé.html
2027-05-20,"Offenes Café im Familiennetzwerk, Am Richtsberg 68",,https://www.bsf-richtsberg.de/veranstaltungen/2836095/2027/05/20/offenes-café-im-familiennetzwerk-am-richtsberg-68.html
2027-05-21,Afghanische Frauengruppe,,https://www.bsf-richtsberg.de/veranstaltungen/2782993/2027/05/21/afghanische-frauengruppe.html
2027-05-24,Offenes Büro im Familiennetzwerk,,https://www.bsf-richtsberg.de/veranstaltungen/2870266/2027/05/24/offenes-büro-im-familiennetzwerk.html
2027-05-24,Babycafé,,https://www.bsf-richtsberg.de/veranstaltungen/2782902/2027/05/24/babycafé.html
2027-05-24,Lernwerkstatt der VHS im Familiennetzwerk,,https://www.bsf-richtsberg.de/veranstaltungen/2870255/2027/05/24/lernwerkstatt-der-vhs-im-familiennetzwerk.html
2027-05-25,Offenes Büro im Familiennetzwerk,,https://www.bsf-richtsberg.de/veranstaltungen/2870270/2027/05/25/offenes-büro-im-familiennetzwerk.html
2027-05-25,Bipa Elterncafé: für Eltern mit Kindern von 1-3 Jahren,,https://www.bsf-richtsberg.de/veranstaltungen/2782907/2027/05/25/bipa-elterncafé-für-eltern-mit-kindern-von-1-3-jahren.html
2027-05-25,Senior:innen Nachmittag,,https://www.bsf-richtsberg.de/veranstaltungen/2766698/2027/05/25/senior-innen-nachmittag.html
2027-05-25,Bipa Gruppe für überwiegend afghanisch sprechende Eltern,,https://www.bsf-richtsberg.de/veranstaltungen/2870156/2027/05/25/bipa-gruppe-für-überwiegend-afghanisch-sprechende-eltern.html
2027-05-26,Frauencafé,,https://www.bsf-richtsberg.de/veranstaltungen/2782982/2027/05/26/frauencafé.html
2027-05-28,Afghanische Frauengruppe,,https://www.bsf-richtsberg.de/veranstaltungen/2782993/2027/05/28/afghanische-frauengruppe.html
2027-05-31,Offenes Büro im Familiennetzwerk,,https://www.bsf-richtsberg.de/veranstaltungen/2870266/2027/05/31/offenes-büro-im-familiennetzwerk.html
2027-05-31,Babycafé,,https://www.bsf-richtsberg.de/veranstaltungen/2782902/2027/05/31/babycafé.html
2027-05-31,Lernwerkstatt der VHS im Familiennetzwerk,,https://www.bsf-richtsberg.de/veranstaltungen/2870255/2027/05/31/lernwerkstatt-der-vhs-im-familiennetzwerk.html
2027-06-01,Offenes Büro im Familiennetzwerk,,https://www.bsf-richtsberg.de/veranstaltungen/2870270/2027/06/01/offenes-büro-im-familiennetzwerk.html
2027-06-01,Bipa Elterncafé: für Eltern mit Kindern von 1-3 Jahren,,https://www.bsf-richtsberg.de/veranstaltungen/2782907/2027/06/01/bipa-elterncafé-für-eltern-mit-kindern-von-1-3-jahren.html
2027-06-01,Senior:innen Nachmittag,,https://www.bsf-richtsberg.de/veranstaltungen/2766698/2027/06/01/senior-innen-nachmittag.html
2027-06-01,Bipa Gruppe für überwiegend afghanisch sprechende Eltern,,https://www.bsf-richtsberg.de/veranstaltungen/2870156/2027/06/01/bipa-gruppe-für-überwiegend-afghanisch-sprechende-eltern.html
2027-06-02,Frauencafé,,https://www.bsf-richtsberg.de/veranstaltungen/2782982/2027/06/02/frauencafé.html
2027-06-03,"Offenes Café im Familiennetzwerk, Am Richtsberg 68",,https://www.bsf-richtsberg.de/veranstaltungen/2836095/2027/06/03/offenes-café-im-familiennetzwerk-am-richtsberg-68.html
2027-06-04,Afghanische Frauengruppe,,https://www.bsf-richtsberg.de/veranstaltungen/2782993/2027/06/04/afghanische-frauengruppe.html
2027-06-07,Offenes Büro im Familiennetzwerk,,https://www.bsf-richtsberg.de/veranstaltungen/2870266/2027/06/07/offenes-büro-im-familiennetzwerk.html
2027-06-07,Babycafé,,https://www.bsf-richtsberg.de/veranstaltungen/2782902/2027/06/07/babycafé.html
2027-06-07,Lernwerkstatt der VHS im Familiennetzwerk,,https://www.bsf-richtsberg.de/veranstaltungen/2870255/2027/06/07/lernwerkstatt-der-vhs-im-familiennetzwerk.html
2027-06-08,Offenes Büro im Familiennetzwerk,,https://www.bsf-richtsberg.de/veranstaltungen/2870270/2027/06/08/offenes-büro-im-familiennetzwerk.html
2027-06-08,Bipa Elterncafé: für Eltern mit Kindern von 1-3 Jahren,,https://www.bsf-richtsberg.de/veranstaltungen/2782907/2027/06/08/bipa-elterncafé-für-eltern-mit-kindern-von-1-3-jahren.html
2027-06-08,Senior:innen Nachmittag,,https://www.bsf-richtsberg.de/veranstaltungen/2766698/2027/06/08/senior-innen-nachmittag.html
2027-06-08,Bipa Gruppe für überwiegend afghanisch sprechende Eltern,,https://www.bsf-richtsberg.de/veranstaltungen/2870156/2027/06/08/bipa-gruppe-für-überwiegend-afghanisch-sprechende-eltern.html
2027-06-09,Frauencafé,,https://www.bsf-richtsberg.de/veranstaltungen/2782982/2027/06/09/frauencafé.html
2027-06-11,Afghanische Frauengruppe,,https://www.bsf-richtsberg.de/veranstaltungen/2782993/2027/06/11/afghanische-frauengruppe.html
2027-06-14,Offenes Büro im Familiennetzwerk,,https://www.bsf-richtsberg.de/veranstaltungen/2870266/2027/06/14/offenes-büro-im-familiennetzwerk.html
2027-06-14,Babycafé,,https://www.bsf-richtsberg.de/veranstaltungen/2782902/2027/06/14/babycafé.html
2027-06-14,Lernwerkstatt der VHS im Familiennetzwerk,,https://www.bsf-richtsberg.de/veranstaltungen/2870255/2027/06/14/lernwerkstatt-der-vhs-im-familiennetzwerk.html
2027-06-15,Offenes Büro im Familiennetzwerk,,https://www.bsf-richtsberg.de/veranstaltungen/2870270/2027/06/15/offenes-büro-im-familiennetzwerk.html
2027-06-15,Bipa Elterncafé: für Eltern mit Kindern von 1-3 Jahren,,https://www.bsf-richtsberg.de/veranstaltungen/2782907/2027/06/15/bipa-elterncafé-für-eltern-mit-kindern-von-1-3-jahren.html
2027-06-15,Senior:innen Nachmittag,,https://www.bsf-richtsberg.de/veranstaltungen/2766698/2027/06/15/senior-innen-nachmittag.html
2027-06-15,Bipa Gruppe für überwiegend afghanisch sprechende Eltern,,https://www.bsf-richtsberg.de/veranstaltungen/2870156/2027/06/15/bipa-gruppe-für-überwiegend-afghanisch-sprechende-eltern.html
2027-06-16,Frauencafé,,https://www.bsf-richtsberg.de/veranstaltungen/2782982/2027/06/16/frauencafé.html
2027-06-17,"Offenes Café im Familiennetzwerk, Am Richtsberg 68",,https://www.bsf-richtsberg.de/veranstaltungen/2836095/2027/06/17/offenes-café-im-familiennetzwerk-am-richtsberg-68.html
2027-06-18,Afghanische Frauengruppe,,https://www.bsf-richtsberg.de/veranstaltungen/2782993/2027/06/18/afghanische-frauengruppe.html
