Date,Title,Time,URL
19.06.​2026,Sozial- und Schuldnerberatung Damaschkeweg,,https://www.bsf-richtsberg.de/veranstaltungen/2783156/2026/06/19/sozial-und-schuldnerberatung-damaschkeweg.html
19.06.​2026,Afghanische Frauengruppe,,https://www.bsf-richtsberg.de/veranstaltungen/2782993/2026/06/19/afghanische-frauengruppe.html
22.06.​2026,Sozial- und Schuldnerberatung Damaschkeweg,,https://www.bsf-richtsberg.de/veranstaltungen/2783148/2026/06/22/sozial-und-schuldnerberatung-damaschkeweg.html
22.06.​2026,Offenes Büro im Familiennetzwerk,,https://www.bsf-richtsberg.de/veranstaltungen/2870266/2026/06/22/offenes-büro-im-familiennetzwerk.html
22.06.​2026,Babycafé,,https://www.bsf-richtsberg.de/veranstaltungen/2782902/2026/06/22/babycafé.html
22.06.​2026,Offenes Büro im Familiennetzwerk,,https://www.bsf-richtsberg.de/veranstaltungen/2870269/2026/06/22/offenes-büro-im-familiennetzwerk.html
22.06.​2026,Eltern - Kind - Turnen,,https://www.bsf-richtsberg.de/veranstaltungen/2833912/2026/06/22/eltern-kind-turnen.html
22.06.​2026,Lernwerkstatt der VHS im Familiennetzwerk,,https://www.bsf-richtsberg.de/veranstaltungen/2870255/2026/06/22/lernwerkstatt-der-vhs-im-familiennetzwerk.html
23.06.​2026,Offenes Büro im Familiennetzwerk,,https://www.bsf-richtsberg.de/veranstaltungen/2870270/2026/06/23/offenes-büro-im-familiennetzwerk.html
23.06.​2026,Bipa Elterncafé: für Eltern mit Kindern von 1-3 Jahren,,https://www.bsf-richtsberg.de/veranstaltungen/2782907/2026/06/23/bipa-elterncafé-für-eltern-mit-kindern-von-1-3-jahren.html
23.06.​2026,Senior:innen Nachmittag,,https://www.bsf-richtsberg.de/veranstaltungen/2766698/2026/06/23/senior-innen-nachmittag.html
23.06.​2026,Bipa Gruppe für überwiegend afghanisch sprechende Eltern,,https://www.bsf-richtsberg.de/veranstaltungen/2870156/2026/06/23/bipa-gruppe-für-überwiegend-afghanisch-sprechende-eltern.html
24.06.​2026,Sozial- und Schuldnerberatung Treffpunkt,,https://www.bsf-richtsberg.de/veranstaltungen/2783139/2026/06/24/sozial-und-schuldnerberatung-treffpunkt.html
24.06.​2026,Männerberatung,,https://www.bsf-richtsberg.de/veranstaltungen/2783881/2026/06/24/männerberatung.html
24.06.​2026,Frauencafé,,https://www.bsf-richtsberg.de/veranstaltungen/2782982/2026/06/24/frauencafé.html
25.06.​2026,Sozial- und Schuldnerberatung Damaschkeweg,,https://www.bsf-richtsberg.de/veranstaltungen/2783155/2026/06/25/sozial-und-schuldnerberatung-damaschkeweg.html
26.06.​2026,Sozial- und Schuldnerberatung Damaschkeweg,,https://www.bsf-richtsberg.de/veranstaltungen/2783156/2026/06/26/sozial-und-schuldnerberatung-damaschkeweg.html
26.06.​2026,Afghanische Frauengruppe,,https://www.bsf-richtsberg.de/veranstaltungen/2782993/2026/06/26/afghanische-frauengruppe.html
29.06.​2026,Sozial- und Schuldnerberatung Damaschkeweg,,https://www.bsf-richtsberg.de/veranstaltungen/2783148/2026/06/29/sozial-und-schuldnerberatung-damaschkeweg.html
29.06.​2026,Sommerferienstart am Richtsberg - Angebote für Jung und Alt,,https://www.bsf-richtsberg.de/veranstaltungen/2918165/2026/06/29/sommerferienstart-am-richtsberg-angebote-für-jung-und-alt.html
30.06.​2026bis09.07.​2026,Sommerferienprogramm für Kinder von 6 bis 9 Jahren am Richtsberg,,https://www.bsf-richtsberg.de/veranstaltungen/2918178/2026/06/30/sommerferienprogramm-für-kinder-von-6-bis-9-jahren-am-richtsberg.html
30.06.​2026,Bipa Elterncafé: für Eltern mit Kindern von 1-3 Jahren,,https://www.bsf-richtsberg.de/veranstaltungen/2782907/2026/06/30/bipa-elterncafé-für-eltern-mit-kindern-von-1-3-jahren.html
30.06.​2026,Bipa Gruppe für überwiegend afghanisch sprechende Eltern,,https://www.bsf-richtsberg.de/veranstaltungen/2870156/2026/06/30/bipa-gruppe-für-überwiegend-afghanisch-sprechende-eltern.html
01.07.​2026,Immer an der Lahn entlang - Sommerferien für Erwachsene 1. Tag,,https://www.bsf-richtsberg.de/veranstaltungen/2914286/2026/07/01/immer-an-der-lahn-entlang-sommerferien-für-erwachsene-1.-tag.html
01.07.​2026,Sozial- und Schuldnerberatung Treffpunkt,,https://www.bsf-richtsberg.de/veranstaltungen/2783139/2026/07/01/sozial-und-schuldnerberatung-treffpunkt.html
01.07.​2026,Männerberatung,,https://www.bsf-richtsberg.de/veranstaltungen/2783881/2026/07/01/männerberatung.html
01.07.​2026,Frauencafé,,https://www.bsf-richtsberg.de/veranstaltungen/2782982/2026/07/01/frauencafé.html
02.07.​2026,Immer an der Lahn entlang - Sommerferien für Erwachsene 2. Tag,,https://www.bsf-richtsberg.de/veranstaltungen/2914452/2026/07/02/immer-an-der-lahn-entlang-sommerferien-für-erwachsene-2.-tag.html
02.07.​2026,"Offenes Café im Familiennetzwerk, Am Richtsberg 68",,https://www.bsf-richtsberg.de/veranstaltungen/2836095/2026/07/02/offenes-café-im-familiennetzwerk-am-richtsberg-68.html
02.07.​2026,Sozial- und Schuldnerberatung Damaschkeweg,,https://www.bsf-richtsberg.de/veranstaltungen/2783155/2026/07/02/sozial-und-schuldnerberatung-damaschkeweg.html
03.07.​2026,Sozial- und Schuldnerberatung Damaschkeweg,,https://www.bsf-richtsberg.de/veranstaltungen/2783156/2026/07/03/sozial-und-schuldnerberatung-damaschkeweg.html
03.07.​2026,Afghanische Frauengruppe,,https://www.bsf-richtsberg.de/veranstaltungen/2782993/2026/07/03/afghanische-frauengruppe.html
06.07.​2026,Sozial- und Schuldnerberatung Damaschkeweg,,https://www.bsf-richtsberg.de/veranstaltungen/2783148/2026/07/06/sozial-und-schuldnerberatung-damaschkeweg.html
06.07.​2026,Offenes Büro im Familiennetzwerk,,https://www.bsf-richtsberg.de/veranstaltungen/2870266/2026/07/06/offenes-büro-im-familiennetzwerk.html
06.07.​2026,Babycafé,,https://www.bsf-richtsberg.de/veranstaltungen/2782902/2026/07/06/babycafé.html
06.07.​2026,Offenes Büro im Familiennetzwerk,,https://www.bsf-richtsberg.de/veranstaltungen/2870269/2026/07/06/offenes-büro-im-familiennetzwerk.html
06.07.​2026,Lernwerkstatt der VHS im Familiennetzwerk,,https://www.bsf-richtsberg.de/veranstaltungen/2870255/2026/07/06/lernwerkstatt-der-vhs-im-familiennetzwerk.html
07.07.​2026,Offenes Büro im Familiennetzwerk,,https://www.bsf-richtsberg.de/veranstaltungen/2870270/2026/07/07/offenes-büro-im-familiennetzwerk.html
07.07.​2026,Bipa Elterncafé: für Eltern mit Kindern von 1-3 Jahren,,https://www.bsf-richtsberg.de/veranstaltungen/2782907/2026/07/07/bipa-elterncafé-für-eltern-mit-kindern-von-1-3-jahren.html
07.07.​2026,Senior:innen Nachmittag,,https://www.bsf-richtsberg.de/veranstaltungen/2766698/2026/07/07/senior-innen-nachmittag.html
07.07.​2026,Bipa Gruppe für überwiegend afghanisch sprechende Eltern,,https://www.bsf-richtsberg.de/veranstaltungen/2870156/2026/07/07/bipa-gruppe-für-überwiegend-afghanisch-sprechende-eltern.html
08.07.​2026,Frauencafé,,https://www.bsf-richtsberg.de/veranstaltungen/2782982/2026/07/08/frauencafé.html
09.07.​2026,Sozial- und Schuldnerberatung Damaschkeweg,,https://www.bsf-richtsberg.de/veranstaltungen/2783155/2026/07/09/sozial-und-schuldnerberatung-damaschkeweg.html
10.07.​2026,Sozial- und Schuldnerberatung Damaschkeweg,,https://www.bsf-richtsberg.de/veranstaltungen/2783156/2026/07/10/sozial-und-schuldnerberatung-damaschkeweg.html
10.07.​2026,Afghanische Frauengruppe,,https://www.bsf-richtsberg.de/veranstaltungen/2782993/2026/07/10/afghanische-frauengruppe.html
13.07.​2026,Sozial- und Schuldnerberatung Damaschkeweg,,https://www.bsf-richtsberg.de/veranstaltungen/2783148/2026/07/13/sozial-und-schuldnerberatung-damaschkeweg.html
13.07.​2026,Offenes Büro im Familiennetzwerk,,https://www.bsf-richtsberg.de/veranstaltungen/2870266/2026/07/13/offenes-büro-im-familiennetzwerk.html
13.07.​2026,Babycafé,,https://www.bsf-richtsberg.de/veranstaltungen/2782902/2026/07/13/babycafé.html
13.07.​2026,Offenes Büro im Familiennetzwerk,,https://www.bsf-richtsberg.de/veranstaltungen/2870269/2026/07/13/offenes-büro-im-familiennetzwerk.html
13.07.​2026,Lernwerkstatt der VHS im Familiennetzwerk,,https://www.bsf-richtsberg.de/veranstaltungen/2870255/2026/07/13/lernwerkstatt-der-vhs-im-familiennetzwerk.html
14.07.​2026,Offenes Büro im Familiennetzwerk,,https://www.bsf-richtsberg.de/veranstaltungen/2870270/2026/07/14/offenes-büro-im-familiennetzwerk.html
14.07.​2026,Bipa Elterncafé: für Eltern mit Kindern von 1-3 Jahren,,https://www.bsf-richtsberg.de/veranstaltungen/2782907/2026/07/14/bipa-elterncafé-für-eltern-mit-kindern-von-1-3-jahren.html
14.07.​2026,Senior:innen Nachmittag,,https://www.bsf-richtsberg.de/veranstaltungen/2766698/2026/07/14/senior-innen-nachmittag.html
14.07.​2026,Bipa Gruppe für überwiegend afghanisch sprechende Eltern,,https://www.bsf-richtsberg.de/veranstaltungen/2870156/2026/07/14/bipa-gruppe-für-überwiegend-afghanisch-sprechende-eltern.html
15.07.​2026,Frauencafé,,https://www.bsf-richtsberg.de/veranstaltungen/2782982/2026/07/15/frauencafé.html
16.07.​2026,"Offenes Café im Familiennetzwerk, Am Richtsberg 68",,https://www.bsf-richtsberg.de/veranstaltungen/2836095/2026/07/16/offenes-café-im-familiennetzwerk-am-richtsberg-68.html
16.07.​2026,Sozial- und Schuldnerberatung Damaschkeweg,,https://www.bsf-richtsberg.de/veranstaltungen/2783155/2026/07/16/sozial-und-schuldnerberatung-damaschkeweg.html
17.07.​2026,Sozial- und Schuldnerberatung Damaschkeweg,,https://www.bsf-richtsberg.de/veranstaltungen/2783156/2026/07/17/sozial-und-schuldnerberatung-damaschkeweg.html
17.07.​2026,Afghanische Frauengruppe,,https://www.bsf-richtsberg.de/veranstaltungen/2782993/2026/07/17/afghanische-frauengruppe.html
20.07.​2026,Sozial- und Schuldnerberatung Damaschkeweg,,https://www.bsf-richtsberg.de/veranstaltungen/2783148/2026/07/20/sozial-und-schuldnerberatung-damaschkeweg.html
20.07.​2026,Offenes Büro im Familiennetzwerk,,https://www.bsf-richtsberg.de/veranstaltungen/2870266/2026/07/20/offenes-büro-im-familiennetzwerk.html
20.07.​2026,Babycafé,,https://www.bsf-richtsberg.de/veranstaltungen/2782902/2026/07/20/babycafé.html
20.07.​2026,Offenes Büro im Familiennetzwerk,,https://www.bsf-richtsberg.de/veranstaltungen/2870269/2026/07/20/offenes-büro-im-familiennetzwerk.html
20.07.​2026,Lernwerkstatt der VHS im Familiennetzwerk,,https://www.bsf-richtsberg.de/veranstaltungen/2870255/2026/07/20/lernwerkstatt-der-vhs-im-familiennetzwerk.html
21.07.​2026,Offenes Büro im Familiennetzwerk,,https://www.bsf-richtsberg.de/veranstaltungen/2870270/2026/07/21/offenes-büro-im-familiennetzwerk.html
21.07.​2026,Bipa Elterncafé: für Eltern mit Kindern von 1-3 Jahren,,https://www.bsf-richtsberg.de/veranstaltungen/2782907/2026/07/21/bipa-elterncafé-für-eltern-mit-kindern-von-1-3-jahren.html
21.07.​2026,Senior:innen Nachmittag,,https://www.bsf-richtsberg.de/veranstaltungen/2766698/2026/07/21/senior-innen-nachmittag.html
21.07.​2026,Bipa Gruppe für überwiegend afghanisch sprechende Eltern,,https://www.bsf-richtsberg.de/veranstaltungen/2870156/2026/07/21/bipa-gruppe-für-überwiegend-afghanisch-sprechende-eltern.html
22.07.​2026,Frauencafé,,https://www.bsf-richtsberg.de/veranstaltungen/2782982/2026/07/22/frauencafé.html
23.07.​2026,Sozial- und Schuldnerberatung Damaschkeweg,,https://www.bsf-richtsberg.de/veranstaltungen/2783155/2026/07/23/sozial-und-schuldnerberatung-damaschkeweg.html
24.07.​2026,Sozial- und Schuldnerberatung Damaschkeweg,,https://www.bsf-richtsberg.de/veranstaltungen/2783156/2026/07/24/sozial-und-schuldnerberatung-damaschkeweg.html
24.07.​2026,Afghanische Frauengruppe,,https://www.bsf-richtsberg.de/veranstaltungen/2782993/2026/07/24/afghanische-frauengruppe.html
27.07.​2026,Sozial- und Schuldnerberatung Damaschkeweg,,https://www.bsf-richtsberg.de/veranstaltungen/2783148/2026/07/27/sozial-und-schuldnerberatung-damaschkeweg.html
27.07.​2026,Offenes Büro im Familiennetzwerk,,https://www.bsf-richtsberg.de/veranstaltungen/2870266/2026/07/27/offenes-büro-im-familiennetzwerk.html
27.07.​2026,Babycafé,,https://www.bsf-richtsberg.de/veranstaltungen/2782902/2026/07/27/babycafé.html
27.07.​2026,Offenes Büro im Familiennetzwerk,,https://www.bsf-richtsberg.de/veranstaltungen/2870269/2026/07/27/offenes-büro-im-familiennetzwerk.html
27.07.​2026,Lernwerkstatt der VHS im Familiennetzwerk,,https://www.bsf-richtsberg.de/veranstaltungen/2870255/2026/07/27/lernwerkstatt-der-vhs-im-familiennetzwerk.html
28.07.​2026,Offenes Büro im Familiennetzwerk,,https://www.bsf-richtsberg.de/veranstaltungen/2870270/2026/07/28/offenes-büro-im-familiennetzwerk.html
28.07.​2026,Bipa Elterncafé: für Eltern mit Kindern von 1-3 Jahren,,https://www.bsf-richtsberg.de/veranstaltungen/2782907/2026/07/28/bipa-elterncafé-für-eltern-mit-kindern-von-1-3-jahren.html
28.07.​2026,Senior:innen Nachmittag,,https://www.bsf-richtsberg.de/veranstaltungen/2766698/2026/07/28/senior-innen-nachmittag.html
28.07.​2026,Bipa Gruppe für überwiegend afghanisch sprechende Eltern,,https://www.bsf-richtsberg.de/veranstaltungen/2870156/2026/07/28/bipa-gruppe-für-überwiegend-afghanisch-sprechende-eltern.html
29.07.​2026,Frauencafé,,https://www.bsf-richtsberg.de/veranstaltungen/2782982/2026/07/29/frauencafé.html
30.07.​2026,"Offenes Café im Familiennetzwerk, Am Richtsberg 68",,https://www.bsf-richtsberg.de/veranstaltungen/2836095/2026/07/30/offenes-café-im-familiennetzwerk-am-richtsberg-68.html
30.07.​2026,Sozial- und Schuldnerberatung Damaschkeweg,,https://www.bsf-richtsberg.de/veranstaltungen/2783155/2026/07/30/sozial-und-schuldnerberatung-damaschkeweg.html
31.07.​2026,Sozial- und Schuldnerberatung Damaschkeweg,,https://www.bsf-richtsberg.de/veranstaltungen/2783156/2026/07/31/sozial-und-schuldnerberatung-damaschkeweg.html
31.07.​2026,Afghanische Frauengruppe,,https://www.bsf-richtsberg.de/veranstaltungen/2782993/2026/07/31/afghanische-frauengruppe.html
03.08.​2026,Sozial- und Schuldnerberatung Damaschkeweg,,https://www.bsf-richtsberg.de/veranstaltungen/2783148/2026/08/03/sozial-und-schuldnerberatung-damaschkeweg.html
03.08.​2026,Offenes Büro im Familiennetzwerk,,https://www.bsf-richtsberg.de/veranstaltungen/2870266/2026/08/03/offenes-büro-im-familiennetzwerk.html
03.08.​2026,Babycafé,,https://www.bsf-richtsberg.de/veranstaltungen/2782902/2026/08/03/babycafé.html
03.08.​2026,Offenes Büro im Familiennetzwerk,,https://www.bsf-richtsberg.de/veranstaltungen/2870269/2026/08/03/offenes-büro-im-familiennetzwerk.html
03.08.​2026,Lernwerkstatt der VHS im Familiennetzwerk,,https://www.bsf-richtsberg.de/veranstaltungen/2870255/2026/08/03/lernwerkstatt-der-vhs-im-familiennetzwerk.html
04.08.​2026,Offenes Büro im Familiennetzwerk,,https://www.bsf-richtsberg.de/veranstaltungen/2870270/2026/08/04/offenes-büro-im-familiennetzwerk.html
04.08.​2026,Immer an der Lahn entlang - Sommerferien für Erwachsene 3. Tag,,https://www.bsf-richtsberg.de/veranstaltungen/2914461/2026/08/04/immer-an-der-lahn-entlang-sommerferien-für-erwachsene-3.-tag.html
04.08.​2026,Bipa Elterncafé: für Eltern mit Kindern von 1-3 Jahren,,https://www.bsf-richtsberg.de/veranstaltungen/2782907/2026/08/04/bipa-elterncafé-für-eltern-mit-kindern-von-1-3-jahren.html
04.08.​2026,Senior:innen Nachmittag,,https://www.bsf-richtsberg.de/veranstaltungen/2766698/2026/08/04/senior-innen-nachmittag.html
04.08.​2026,Bipa Gruppe für überwiegend afghanisch sprechende Eltern,,https://www.bsf-richtsberg.de/veranstaltungen/2870156/2026/08/04/bipa-gruppe-für-überwiegend-afghanisch-sprechende-eltern.html
05.08.​2026,Immer an der Lahn entlang - Sommerferien für Erwachsene 4. Tag,,https://www.bsf-richtsberg.de/veranstaltungen/2914462/2026/08/05/immer-an-der-lahn-entlang-sommerferien-für-erwachsene-4.-tag.html
05.08.​2026,Frauencafé,,https://www.bsf-richtsberg.de/veranstaltungen/2782982/2026/08/05/frauencafé.html
06.08.​2026,Immer an der Lahn entlang - Sommerferien für Erwachsene 5. Tag,,https://www.bsf-richtsberg.de/veranstaltungen/2914467/2026/08/06/immer-an-der-lahn-entlang-sommerferien-für-erwachsene-5.-tag.html
06.08.​2026,Sozial- und Schuldnerberatung Damaschkeweg,,https://www.bsf-richtsberg.de/veranstaltungen/2783155/2026/08/06/sozial-und-schuldnerberatung-damaschkeweg.html
07.08.​2026,Sozial- und Schuldnerberatung Damaschkeweg,,https://www.bsf-richtsberg.de/veranstaltungen/2783156/2026/08/07/sozial-und-schuldnerberatung-damaschkeweg.html
07.08.​2026,Afghanische Frauengruppe,,https://www.bsf-richtsberg.de/veranstaltungen/2782993/2026/08/07/afghanische-frauengruppe.html
10.08.​2026,Sozial- und Schuldnerberatung Damaschkeweg,,https://www.bsf-richtsberg.de/veranstaltungen/2783148/2026/08/10/sozial-und-schuldnerberatung-damaschkeweg.html
10.08.​2026,Offenes Büro im Familiennetzwerk,,https://www.bsf-richtsberg.de/veranstaltungen/2870266/2026/08/10/offenes-büro-im-familiennetzwerk.html
10.08.​2026,Babycafé,,https://www.bsf-richtsberg.de/veranstaltungen/2782902/2026/08/10/babycafé.html
10.08.​2026,Offenes Büro im Familiennetzwerk,,https://www.bsf-richtsberg.de/veranstaltungen/2870269/2026/08/10/offenes-büro-im-familiennetzwerk.html
10.08.​2026,Lernwerkstatt der VHS im Familiennetzwerk,,https://www.bsf-richtsberg.de/veranstaltungen/2870255/2026/08/10/lernwerkstatt-der-vhs-im-familiennetzwerk.html
11.08.​2026,Offenes Büro im Familiennetzwerk,,https://www.bsf-richtsberg.de/veranstaltungen/2870270/2026/08/11/offenes-büro-im-familiennetzwerk.html
11.08.​2026,Bipa Elterncafé: für Eltern mit Kindern von 1-3 Jahren,,https://www.bsf-richtsberg.de/veranstaltungen/2782907/2026/08/11/bipa-elterncafé-für-eltern-mit-kindern-von-1-3-jahren.html
11.08.​2026,Senior:innen Nachmittag,,https://www.bsf-richtsberg.de/veranstaltungen/2766698/2026/08/11/senior-innen-nachmittag.html
11.08.​2026,Bipa Gruppe für überwiegend afghanisch sprechende Eltern,,https://www.bsf-richtsberg.de/veranstaltungen/2870156/2026/08/11/bipa-gruppe-für-überwiegend-afghanisch-sprechende-eltern.html
12.08.​2026,Frauencafé,,https://www.bsf-richtsberg.de/veranstaltungen/2782982/2026/08/12/frauencafé.html
13.08.​2026,"Offenes Café im Familiennetzwerk, Am Richtsberg 68",,https://www.bsf-richtsberg.de/veranstaltungen/2836095/2026/08/13/offenes-café-im-familiennetzwerk-am-richtsberg-68.html
13.08.​2026,Sozial- und Schuldnerberatung Damaschkeweg,,https://www.bsf-richtsberg.de/veranstaltungen/2783155/2026/08/13/sozial-und-schuldnerberatung-damaschkeweg.html
14.08.​2026,Sozial- und Schuldnerberatung Damaschkeweg,,https://www.bsf-richtsberg.de/veranstaltungen/2783156/2026/08/14/sozial-und-schuldnerberatung-damaschkeweg.html
14.08.​2026,Afghanische Frauengruppe,,https://www.bsf-richtsberg.de/veranstaltungen/2782993/2026/08/14/afghanische-frauengruppe.html
17.08.​2026,Sozial- und Schuldnerberatung Damaschkeweg,,https://www.bsf-richtsberg.de/veranstaltungen/2783148/2026/08/17/sozial-und-schuldnerberatung-damaschkeweg.html
17.08.​2026,Offenes Büro im Familiennetzwerk,,https://www.bsf-richtsberg.de/veranstaltungen/2870266/2026/08/17/offenes-büro-im-familiennetzwerk.html
17.08.​2026,Babycafé,,https://www.bsf-richtsberg.de/veranstaltungen/2782902/2026/08/17/babycafé.html
17.08.​2026,Maribel Sprechstunde im Familiennetzwerk,,https://www.bsf-richtsberg.de/veranstaltungen/2870242/2026/08/17/maribel-sprechstunde-im-familiennetzwerk.html
17.08.​2026,Offenes Büro im Familiennetzwerk,,https://www.bsf-richtsberg.de/veranstaltungen/2870269/2026/08/17/offenes-büro-im-familiennetzwerk.html
17.08.​2026,Lernwerkstatt der VHS im Familiennetzwerk,,https://www.bsf-richtsberg.de/veranstaltungen/2870255/2026/08/17/lernwerkstatt-der-vhs-im-familiennetzwerk.html
18.08.​2026,Offenes Büro im Familiennetzwerk,,https://www.bsf-richtsberg.de/veranstaltungen/2870270/2026/08/18/offenes-büro-im-familiennetzwerk.html
18.08.​2026,Bipa Elterncafé: für Eltern mit Kindern von 1-3 Jahren,,https://www.bsf-richtsberg.de/veranstaltungen/2782907/2026/08/18/bipa-elterncafé-für-eltern-mit-kindern-von-1-3-jahren.html
18.08.​2026,Senior:innen Nachmittag,,https://www.bsf-richtsberg.de/veranstaltungen/2766698/2026/08/18/senior-innen-nachmittag.html
18.08.​2026,Bipa Gruppe für überwiegend afghanisch sprechende Eltern,,https://www.bsf-richtsberg.de/veranstaltungen/2870156/2026/08/18/bipa-gruppe-für-überwiegend-afghanisch-sprechende-eltern.html
19.08.​2026,Frauencafé,,https://www.bsf-richtsberg.de/veranstaltungen/2782982/2026/08/19/frauencafé.html
20.08.​2026,Sozial- und Schuldnerberatung Damaschkeweg,,https://www.bsf-richtsberg.de/veranstaltungen/2783155/2026/08/20/sozial-und-schuldnerberatung-damaschkeweg.html
21.08.​2026,Sozial- und Schuldnerberatung Damaschkeweg,,https://www.bsf-richtsberg.de/veranstaltungen/2783156/2026/08/21/sozial-und-schuldnerberatung-damaschkeweg.html
21.08.​2026,Afghanische Frauengruppe,,https://www.bsf-richtsberg.de/veranstaltungen/2782993/2026/08/21/afghanische-frauengruppe.html
24.08.​2026,Sozial- und Schuldnerberatung Damaschkeweg,,https://www.bsf-richtsberg.de/veranstaltungen/2783148/2026/08/24/sozial-und-schuldnerberatung-damaschkeweg.html
24.08.​2026,Offenes Büro im Familiennetzwerk,,https://www.bsf-richtsberg.de/veranstaltungen/2870266/2026/08/24/offenes-büro-im-familiennetzwerk.html
24.08.​2026,Babycafé,,https://www.bsf-richtsberg.de/veranstaltungen/2782902/2026/08/24/babycafé.html
24.08.​2026,Offenes Büro im Familiennetzwerk,,https://www.bsf-richtsberg.de/veranstaltungen/2870269/2026/08/24/offenes-büro-im-familiennetzwerk.html
24.08.​2026,Lernwerkstatt der VHS im Familiennetzwerk,,https://www.bsf-richtsberg.de/veranstaltungen/2870255/2026/08/24/lernwerkstatt-der-vhs-im-familiennetzwerk.html
25.08.​2026,Offenes Büro im Familiennetzwerk,,https://www.bsf-richtsberg.de/veranstaltungen/2870270/2026/08/25/offenes-büro-im-familiennetzwerk.html
25.08.​2026,Bipa Elterncafé: für Eltern mit Kindern von 1-3 Jahren,,https://www.bsf-richtsberg.de/veranstaltungen/2782907/2026/08/25/bipa-elterncafé-für-eltern-mit-kindern-von-1-3-jahren.html
25.08.​2026,Senior:innen Nachmittag,,https://www.bsf-richtsberg.de/veranstaltungen/2766698/2026/08/25/senior-innen-nachmittag.html
25.08.​2026,Bipa Gruppe für überwiegend afghanisch sprechende Eltern,,https://www.bsf-richtsberg.de/veranstaltungen/2870156/2026/08/25/bipa-gruppe-für-überwiegend-afghanisch-sprechende-eltern.html
26.08.​2026,Frauencafé,,https://www.bsf-richtsberg.de/veranstaltungen/2782982/2026/08/26/frauencafé.html
27.08.​2026,"Offenes Café im Familiennetzwerk, Am Richtsberg 68",,https://www.bsf-richtsberg.de/veranstaltungen/2836095/2026/08/27/offenes-café-im-familiennetzwerk-am-richtsberg-68.html
27.08.​2026,Sozial- und Schuldnerberatung Damaschkeweg,,https://www.bsf-richtsberg.de/veranstaltungen/2783155/2026/08/27/sozial-und-schuldnerberatung-damaschkeweg.html
28.08.​2026,Sozial- und Schuldnerberatung Damaschkeweg,,https://www.bsf-richtsberg.de/veranstaltungen/2783156/2026/08/28/sozial-und-schuldnerberatung-damaschkeweg.html
28.08.​2026,Afghanische Frauengruppe,,https://www.bsf-richtsberg.de/veranstaltungen/2782993/2026/08/28/afghanische-frauengruppe.html
31.08.​2026,Sozial- und Schuldnerberatung Damaschkeweg,,https://www.bsf-richtsberg.de/veranstaltungen/2783148/2026/08/31/sozial-und-schuldnerberatung-damaschkeweg.html
31.08.​2026,Offenes Büro im Familiennetzwerk,,https://www.bsf-richtsberg.de/veranstaltungen/2870266/2026/08/31/offenes-büro-im-familiennetzwerk.html
31.08.​2026,Babycafé,,https://www.bsf-richtsberg.de/veranstaltungen/2782902/2026/08/31/babycafé.html
31.08.​2026,Offenes Büro im Familiennetzwerk,,https://www.bsf-richtsberg.de/veranstaltungen/2870269/2026/08/31/offenes-büro-im-familiennetzwerk.html
31.08.​2026,Lernwerkstatt der VHS im Familiennetzwerk,,https://www.bsf-richtsberg.de/veranstaltungen/2870255/2026/08/31/lernwerkstatt-der-vhs-im-familiennetzwerk.html
01.09.​2026,Offenes Büro im Familiennetzwerk,,https://www.bsf-richtsberg.de/veranstaltungen/2870270/2026/09/01/offenes-büro-im-familiennetzwerk.html
01.09.​2026,Bipa Elterncafé: für Eltern mit Kindern von 1-3 Jahren,,https://www.bsf-richtsberg.de/veranstaltungen/2782907/2026/09/01/bipa-elterncafé-für-eltern-mit-kindern-von-1-3-jahren.html
01.09.​2026,Senior:innen Nachmittag,,https://www.bsf-richtsberg.de/veranstaltungen/2766698/2026/09/01/senior-innen-nachmittag.html
01.09.​2026,Bipa Gruppe für überwiegend afghanisch sprechende Eltern,,https://www.bsf-richtsberg.de/veranstaltungen/2870156/2026/09/01/bipa-gruppe-für-überwiegend-afghanisch-sprechende-eltern.html
02.09.​2026,Frauencafé,,https://www.bsf-richtsberg.de/veranstaltungen/2782982/2026/09/02/frauencafé.html
04.09.​2026,Afghanische Frauengruppe,,https://www.bsf-richtsberg.de/veranstaltungen/2782993/2026/09/04/afghanische-frauengruppe.html
07.09.​2026,Offenes Büro im Familiennetzwerk,,https://www.bsf-richtsberg.de/veranstaltungen/2870266/2026/09/07/offenes-büro-im-familiennetzwerk.html
07.09.​2026,Babycafé,,https://www.bsf-richtsberg.de/veranstaltungen/2782902/2026/09/07/babycafé.html
07.09.​2026,Offenes Büro im Familiennetzwerk,,https://www.bsf-richtsberg.de/veranstaltungen/2870269/2026/09/07/offenes-büro-im-familiennetzwerk.html
07.09.​2026,Lernwerkstatt der VHS im Familiennetzwerk,,https://www.bsf-richtsberg.de/veranstaltungen/2870255/2026/09/07/lernwerkstatt-der-vhs-im-familiennetzwerk.html
08.09.​2026,Offenes Büro im Familiennetzwerk,,https://www.bsf-richtsberg.de/veranstaltungen/2870270/2026/09/08/offenes-büro-im-familiennetzwerk.html
08.09.​2026,Bipa Elterncafé: für Eltern mit Kindern von 1-3 Jahren,,https://www.bsf-richtsberg.de/veranstaltungen/2782907/2026/09/08/bipa-elterncafé-für-eltern-mit-kindern-von-1-3-jahren.html
08.09.​2026,Senior:innen Nachmittag,,https://www.bsf-richtsberg.de/veranstaltungen/2766698/2026/09/08/senior-innen-nachmittag.html
08.09.​2026,Bipa Gruppe für überwiegend afghanisch sprechende Eltern,,https://www.bsf-richtsberg.de/veranstaltungen/2870156/2026/09/08/bipa-gruppe-für-überwiegend-afghanisch-sprechende-eltern.html
09.09.​2026,Frauencafé,,https://www.bsf-richtsberg.de/veranstaltungen/2782982/2026/09/09/frauencafé.html
10.09.​2026,"Offenes Café im Familiennetzwerk, Am Richtsberg 68",,https://www.bsf-richtsberg.de/veranstaltungen/2836095/2026/09/10/offenes-café-im-familiennetzwerk-am-richtsberg-68.html
11.09.​2026,Afghanische Frauengruppe,,https://www.bsf-richtsberg.de/veranstaltungen/2782993/2026/09/11/afghanische-frauengruppe.html
14.09.​2026,Offenes Büro im Familiennetzwerk,,https://www.bsf-richtsberg.de/veranstaltungen/2870266/2026/09/14/offenes-büro-im-familiennetzwerk.html
14.09.​2026,Babycafé,,https://www.bsf-richtsberg.de/veranstaltungen/2782902/2026/09/14/babycafé.html
14.09.​2026,Offenes Büro im Familiennetzwerk,,https://www.bsf-richtsberg.de/veranstaltungen/2870269/2026/09/14/offenes-büro-im-familiennetzwerk.html
14.09.​2026,Lernwerkstatt der VHS im Familiennetzwerk,,https://www.bsf-richtsberg.de/veranstaltungen/2870255/2026/09/14/lernwerkstatt-der-vhs-im-familiennetzwerk.html
15.09.​2026,Offenes Büro im Familiennetzwerk,,https://www.bsf-richtsberg.de/veranstaltungen/2870270/2026/09/15/offenes-büro-im-familiennetzwerk.html
15.09.​2026,Bipa Elterncafé: für Eltern mit Kindern von 1-3 Jahren,,https://www.bsf-richtsberg.de/veranstaltungen/2782907/2026/09/15/bipa-elterncafé-für-eltern-mit-kindern-von-1-3-jahren.html
15.09.​2026,Senior:innen Nachmittag,,https://www.bsf-richtsberg.de/veranstaltungen/2766698/2026/09/15/senior-innen-nachmittag.html
15.09.​2026,Bipa Gruppe für überwiegend afghanisch sprechende Eltern,,https://www.bsf-richtsberg.de/veranstaltungen/2870156/2026/09/15/bipa-gruppe-für-überwiegend-afghanisch-sprechende-eltern.html
16.09.​2026,Frauencafé,,https://www.bsf-richtsberg.de/veranstaltungen/2782982/2026/09/16/frauencafé.html
18.09.​2026,Afghanische Frauengruppe,,https://www.bsf-richtsberg.de/veranstaltungen/2782993/2026/09/18/afghanische-frauengruppe.html
21.09.​2026,Offenes Büro im Familiennetzwerk,,https://www.bsf-richtsberg.de/veranstaltungen/2870266/2026/09/21/offenes-büro-im-familiennetzwerk.html
21.09.​2026,Babycafé,,https://www.bsf-richtsberg.de/veranstaltungen/2782902/2026/09/21/babycafé.html
21.09.​2026,Offenes Büro im Familiennetzwerk,,https://www.bsf-richtsberg.de/veranstaltungen/2870269/2026/09/21/offenes-büro-im-familiennetzwerk.html
21.09.​2026,Lernwerkstatt der VHS im Familiennetzwerk,,https://www.bsf-richtsberg.de/veranstaltungen/2870255/2026/09/21/lernwerkstatt-der-vhs-im-familiennetzwerk.html
22.09.​2026,Offenes Büro im Familiennetzwerk,,https://www.bsf-richtsberg.de/veranstaltungen/2870270/2026/09/22/offenes-büro-im-familiennetzwerk.html
22.09.​2026,Bipa Elterncafé: für Eltern mit Kindern von 1-3 Jahren,,https://www.bsf-richtsberg.de/veranstaltungen/2782907/2026/09/22/bipa-elterncafé-für-eltern-mit-kindern-von-1-3-jahren.html
22.09.​2026,Senior:innen Nachmittag,,https://www.bsf-richtsberg.de/veranstaltungen/2766698/2026/09/22/senior-innen-nachmittag.html
22.09.​2026,Bipa Gruppe für überwiegend afghanisch sprechende Eltern,,https://www.bsf-richtsberg.de/veranstaltungen/2870156/2026/09/22/bipa-gruppe-für-überwiegend-afghanisch-sprechende-eltern.html
23.09.​2026,Frauencafé,,https://www.bsf-richtsberg.de/veranstaltungen/2782982/2026/09/23/frauencafé.html
24.09.​2026,"Offenes Café im Familiennetzwerk, Am Richtsberg 68",,https://www.bsf-richtsberg.de/veranstaltungen/2836095/2026/09/24/offenes-café-im-familiennetzwerk-am-richtsberg-68.html
25.09.​2026,Afghanische Frauengruppe,,https://www.bsf-richtsberg.de/veranstaltungen/2782993/2026/09/25/afghanische-frauengruppe.html
28.09.​2026,Offenes Büro im Familiennetzwerk,,https://www.bsf-richtsberg.de/veranstaltungen/2870266/2026/09/28/offenes-büro-im-familiennetzwerk.html
28.09.​2026,Babycafé,,https://www.bsf-richtsberg.de/veranstaltungen/2782902/2026/09/28/babycafé.html
28.09.​2026,Offenes Büro im Familiennetzwerk,,https://www.bsf-richtsberg.de/veranstaltungen/2870269/2026/09/28/offenes-büro-im-familiennetzwerk.html
28.09.​2026,Lernwerkstatt der VHS im Familiennetzwerk,,https://www.bsf-richtsberg.de/veranstaltungen/2870255/2026/09/28/lernwerkstatt-der-vhs-im-familiennetzwerk.html
29.09.​2026,Offenes Büro im Familiennetzwerk,,https://www.bsf-richtsberg.de/veranstaltungen/2870270/2026/09/29/offenes-büro-im-familiennetzwerk.html
29.09.​2026,Bipa Elterncafé: für Eltern mit Kindern von 1-3 Jahren,,https://www.bsf-richtsberg.de/veranstaltungen/2782907/2026/09/29/bipa-elterncafé-für-eltern-mit-kindern-von-1-3-jahren.html
29.09.​2026,Senior:innen Nachmittag,,https://www.bsf-richtsberg.de/veranstaltungen/2766698/2026/09/29/senior-innen-nachmittag.html
29.09.​2026,Bipa Gruppe für überwiegend afghanisch sprechende Eltern,,https://www.bsf-richtsberg.de/veranstaltungen/2870156/2026/09/29/bipa-gruppe-für-überwiegend-afghanisch-sprechende-eltern.html
30.09.​2026,Frauencafé,,https://www.bsf-richtsberg.de/veranstaltungen/2782982/2026/09/30/frauencafé.html
02.10.​2026,Afghanische Frauengruppe,,https://www.bsf-richtsberg.de/veranstaltungen/2782993/2026/10/02/afghanische-frauengruppe.html
05.10.​2026,Offenes Büro im Familiennetzwerk,,https://www.bsf-richtsberg.de/veranstaltungen/2870266/2026/10/05/offenes-büro-im-familiennetzwerk.html
05.10.​2026,Babycafé,,https://www.bsf-richtsberg.de/veranstaltungen/2782902/2026/10/05/babycafé.html
05.10.​2026,Offenes Büro im Familiennetzwerk,,https://www.bsf-richtsberg.de/veranstaltungen/2870269/2026/10/05/offenes-büro-im-familiennetzwerk.html
05.10.​2026,Lernwerkstatt der VHS im Familiennetzwerk,,https://www.bsf-richtsberg.de/veranstaltungen/2870255/2026/10/05/lernwerkstatt-der-vhs-im-familiennetzwerk.html
06.10.​2026,Offenes Büro im Familiennetzwerk,,https://www.bsf-richtsberg.de/veranstaltungen/2870270/2026/10/06/offenes-büro-im-familiennetzwerk.html
06.10.​2026,Bipa Elterncafé: für Eltern mit Kindern von 1-3 Jahren,,https://www.bsf-richtsberg.de/veranstaltungen/2782907/2026/10/06/bipa-elterncafé-für-eltern-mit-kindern-von-1-3-jahren.html
06.10.​2026,Senior:innen Nachmittag,,https://www.bsf-richtsberg.de/veranstaltungen/2766698/2026/10/06/senior-innen-nachmittag.html
06.10.​2026,Bipa Gruppe für überwiegend afghanisch sprechende Eltern,,https://www.bsf-richtsberg.de/veranstaltungen/2870156/2026/10/06/bipa-gruppe-für-überwiegend-afghanisch-sprechende-eltern.html
07.10.​2026,Frauencafé,,https://www.bsf-richtsberg.de/veranstaltungen/2782982/2026/10/07/frauencafé.html
08.10.​2026,"Offenes Café im Familiennetzwerk, Am Richtsberg 68",,https://www.bsf-richtsberg.de/veranstaltungen/2836095/2026/10/08/offenes-café-im-familiennetzwerk-am-richtsberg-68.html
09.10.​2026,Afghanische Frauengruppe,,https://www.bsf-richtsberg.de/veranstaltungen/2782993/2026/10/09/afghanische-frauengruppe.html
12.10.​2026,Offenes Büro im Familiennetzwerk,,https://www.bsf-richtsberg.de/veranstaltungen/2870266/2026/10/12/offenes-büro-im-familiennetzwerk.html
12.10.​2026,Babycafé,,https://www.bsf-richtsberg.de/veranstaltungen/2782902/2026/10/12/babycafé.html
12.10.​2026,Offenes Büro im Familiennetzwerk,,https://www.bsf-richtsberg.de/veranstaltungen/2870269/2026/10/12/offenes-büro-im-familiennetzwerk.html
12.10.​2026,Lernwerkstatt der VHS im Familiennetzwerk,,https://www.bsf-richtsberg.de/veranstaltungen/2870255/2026/10/12/lernwerkstatt-der-vhs-im-familiennetzwerk.html
13.10.​2026,Offenes Büro im Familiennetzwerk,,https://www.bsf-richtsberg.de/veranstaltungen/2870270/2026/10/13/offenes-büro-im-familiennetzwerk.html
13.10.​2026,Bipa Elterncafé: für Eltern mit Kindern von 1-3 Jahren,,https://www.bsf-richtsberg.de/veranstaltungen/2782907/2026/10/13/bipa-elterncafé-für-eltern-mit-kindern-von-1-3-jahren.html
13.10.​2026,Senior:innen Nachmittag,,https://www.bsf-richtsberg.de/veranstaltungen/2766698/2026/10/13/senior-innen-nachmittag.html
13.10.​2026,Bipa Gruppe für überwiegend afghanisch sprechende Eltern,,https://www.bsf-richtsberg.de/veranstaltungen/2870156/2026/10/13/bipa-gruppe-für-überwiegend-afghanisch-sprechende-eltern.html
14.10.​2026,Frauencafé,,https://www.bsf-richtsberg.de/veranstaltungen/2782982/2026/10/14/frauencafé.html
16.10.​2026,Afghanische Frauengruppe,,https://www.bsf-richtsberg.de/veranstaltungen/2782993/2026/10/16/afghanische-frauengruppe.html
19.10.​2026,Offenes Büro im Familiennetzwerk,,https://www.bsf-richtsberg.de/veranstaltungen/2870266/2026/10/19/offenes-büro-im-familiennetzwerk.html
19.10.​2026,Babycafé,,https://www.bsf-richtsberg.de/veranstaltungen/2782902/2026/10/19/babycafé.html
19.10.​2026,Offenes Büro im Familiennetzwerk,,https://www.bsf-richtsberg.de/veranstaltungen/2870269/2026/10/19/offenes-büro-im-familiennetzwerk.html
19.10.​2026,Lernwerkstatt der VHS im Familiennetzwerk,,https://www.bsf-richtsberg.de/veranstaltungen/2870255/2026/10/19/lernwerkstatt-der-vhs-im-familiennetzwerk.html
20.10.​2026,Offenes Büro im Familiennetzwerk,,https://www.bsf-richtsberg.de/veranstaltungen/2870270/2026/10/20/offenes-büro-im-familiennetzwerk.html
20.10.​2026,Bipa Elterncafé: für Eltern mit Kindern von 1-3 Jahren,,https://www.bsf-richtsberg.de/veranstaltungen/2782907/2026/10/20/bipa-elterncafé-für-eltern-mit-kindern-von-1-3-jahren.html
20.10.​2026,Senior:innen Nachmittag,,https://www.bsf-richtsberg.de/veranstaltungen/2766698/2026/10/20/senior-innen-nachmittag.html
20.10.​2026,Bipa Gruppe für überwiegend afghanisch sprechende Eltern,,https://www.bsf-richtsberg.de/veranstaltungen/2870156/2026/10/20/bipa-gruppe-für-überwiegend-afghanisch-sprechende-eltern.html
21.10.​2026,Frauencafé,,https://www.bsf-richtsberg.de/veranstaltungen/2782982/2026/10/21/frauencafé.html
22.10.​2026,"Offenes Café im Familiennetzwerk, Am Richtsberg 68",,https://www.bsf-richtsberg.de/veranstaltungen/2836095/2026/10/22/offenes-café-im-familiennetzwerk-am-richtsberg-68.html
23.10.​2026,Afghanische Frauengruppe,,https://www.bsf-richtsberg.de/veranstaltungen/2782993/2026/10/23/afghanische-frauengruppe.html
26.10.​2026,Offenes Büro im Familiennetzwerk,,https://www.bsf-richtsberg.de/veranstaltungen/2870266/2026/10/26/offenes-büro-im-familiennetzwerk.html
26.10.​2026,Babycafé,,https://www.bsf-richtsberg.de/veranstaltungen/2782902/2026/10/26/babycafé.html
26.10.​2026,Offenes Büro im Familiennetzwerk,,https://www.bsf-richtsberg.de/veranstaltungen/2870269/2026/10/26/offenes-büro-im-familiennetzwerk.html
26.10.​2026,Lernwerkstatt der VHS im Familiennetzwerk,,https://www.bsf-richtsberg.de/veranstaltungen/2870255/2026/10/26/lernwerkstatt-der-vhs-im-familiennetzwerk.html
27.10.​2026,Offenes Büro im Familiennetzwerk,,https://www.bsf-richtsberg.de/veranstaltungen/2870270/2026/10/27/offenes-büro-im-familiennetzwerk.html
27.10.​2026,Bipa Elterncafé: für Eltern mit Kindern von 1-3 Jahren,,https://www.bsf-richtsberg.de/veranstaltungen/2782907/2026/10/27/bipa-elterncafé-für-eltern-mit-kindern-von-1-3-jahren.html
27.10.​2026,Senior:innen Nachmittag,,https://www.bsf-richtsberg.de/veranstaltungen/2766698/2026/10/27/senior-innen-nachmittag.html
27.10.​2026,Bipa Gruppe für überwiegend afghanisch sprechende Eltern,,https://www.bsf-richtsberg.de/veranstaltungen/2870156/2026/10/27/bipa-gruppe-für-überwiegend-afghanisch-sprechende-eltern.html
28.10.​2026,Frauencafé,,https://www.bsf-richtsberg.de/veranstaltungen/2782982/2026/10/28/frauencafé.html
30.10.​2026,Afghanische Frauengruppe,,https://www.bsf-richtsberg.de/veranstaltungen/2782993/2026/10/30/afghanische-frauengruppe.html
02.11.​2026,Offenes Büro im Familiennetzwerk,,https://www.bsf-richtsberg.de/veranstaltungen/2870266/2026/11/02/offenes-büro-im-familiennetzwerk.html
02.11.​2026,Babycafé,,https://www.bsf-richtsberg.de/veranstaltungen/2782902/2026/11/02/babycafé.html
02.11.​2026,Offenes Büro im Familiennetzwerk,,https://www.bsf-richtsberg.de/veranstaltungen/2870269/2026/11/02/offenes-büro-im-familiennetzwerk.html
02.11.​2026,Lernwerkstatt der VHS im Familiennetzwerk,,https://www.bsf-richtsberg.de/veranstaltungen/2870255/2026/11/02/lernwerkstatt-der-vhs-im-familiennetzwerk.html
03.11.​2026,Offenes Büro im Familiennetzwerk,,https://www.bsf-richtsberg.de/veranstaltungen/2870270/2026/11/03/offenes-büro-im-familiennetzwerk.html
03.11.​2026,Bipa Elterncafé: für Eltern mit Kindern von 1-3 Jahren,,https://www.bsf-richtsberg.de/veranstaltungen/2782907/2026/11/03/bipa-elterncafé-für-eltern-mit-kindern-von-1-3-jahren.html
03.11.​2026,Senior:innen Nachmittag,,https://www.bsf-richtsberg.de/veranstaltungen/2766698/2026/11/03/senior-innen-nachmittag.html
03.11.​2026,Bipa Gruppe für überwiegend afghanisch sprechende Eltern,,https://www.bsf-richtsberg.de/veranstaltungen/2870156/2026/11/03/bipa-gruppe-für-überwiegend-afghanisch-sprechende-eltern.html
04.11.​2026,Frauencafé,,https://www.bsf-richtsberg.de/veranstaltungen/2782982/2026/11/04/frauencafé.html
05.11.​2026,"Offenes Café im Familiennetzwerk, Am Richtsberg 68",,https://www.bsf-richtsberg.de/veranstaltungen/2836095/2026/11/05/offenes-café-im-familiennetzwerk-am-richtsberg-68.html
06.11.​2026,Afghanische Frauengruppe,,https://www.bsf-richtsberg.de/veranstaltungen/2782993/2026/11/06/afghanische-frauengruppe.html
09.11.​2026,Offenes Büro im Familiennetzwerk,,https://www.bsf-richtsberg.de/veranstaltungen/2870266/2026/11/09/offenes-büro-im-familiennetzwerk.html
09.11.​2026,Babycafé,,https://www.bsf-richtsberg.de/veranstaltungen/2782902/2026/11/09/babycafé.html
09.11.​2026,Offenes Büro im Familiennetzwerk,,https://www.bsf-richtsberg.de/veranstaltungen/2870269/2026/11/09/offenes-büro-im-familiennetzwerk.html
09.11.​2026,Lernwerkstatt der VHS im Familiennetzwerk,,https://www.bsf-richtsberg.de/veranstaltungen/2870255/2026/11/09/lernwerkstatt-der-vhs-im-familiennetzwerk.html
10.11.​2026,Offenes Büro im Familiennetzwerk,,https://www.bsf-richtsberg.de/veranstaltungen/2870270/2026/11/10/offenes-büro-im-familiennetzwerk.html
10.11.​2026,Bipa Elterncafé: für Eltern mit Kindern von 1-3 Jahren,,https://www.bsf-richtsberg.de/veranstaltungen/2782907/2026/11/10/bipa-elterncafé-für-eltern-mit-kindern-von-1-3-jahren.html
10.11.​2026,Senior:innen Nachmittag,,https://www.bsf-richtsberg.de/veranstaltungen/2766698/2026/11/10/senior-innen-nachmittag.html
10.11.​2026,Bipa Gruppe für überwiegend afghanisch sprechende Eltern,,https://www.bsf-richtsberg.de/veranstaltungen/2870156/2026/11/10/bipa-gruppe-für-überwiegend-afghanisch-sprechende-eltern.html
11.11.​2026,Frauencafé,,https://www.bsf-richtsberg.de/veranstaltungen/2782982/2026/11/11/frauencafé.html
13.11.​2026,Afghanische Frauengruppe,,https://www.bsf-richtsberg.de/veranstaltungen/2782993/2026/11/13/afghanische-frauengruppe.html
16.11.​2026,Offenes Büro im Familiennetzwerk,,https://www.bsf-richtsberg.de/veranstaltungen/2870266/2026/11/16/offenes-büro-im-familiennetzwerk.html
16.11.​2026,Babycafé,,https://www.bsf-richtsberg.de/veranstaltungen/2782902/2026/11/16/babycafé.html
16.11.​2026,Offenes Büro im Familiennetzwerk,,https://www.bsf-richtsberg.de/veranstaltungen/2870269/2026/11/16/offenes-büro-im-familiennetzwerk.html
16.11.​2026,Lernwerkstatt der VHS im Familiennetzwerk,,https://www.bsf-richtsberg.de/veranstaltungen/2870255/2026/11/16/lernwerkstatt-der-vhs-im-familiennetzwerk.html
17.11.​2026,Offenes Büro im Familiennetzwerk,,https://www.bsf-richtsberg.de/veranstaltungen/2870270/2026/11/17/offenes-büro-im-familiennetzwerk.html
17.11.​2026,Bipa Elterncafé: für Eltern mit Kindern von 1-3 Jahren,,https://www.bsf-richtsberg.de/veranstaltungen/2782907/2026/11/17/bipa-elterncafé-für-eltern-mit-kindern-von-1-3-jahren.html
17.11.​2026,Senior:innen Nachmittag,,https://www.bsf-richtsberg.de/veranstaltungen/2766698/2026/11/17/senior-innen-nachmittag.html
17.11.​2026,Bipa Gruppe für überwiegend afghanisch sprechende Eltern,,https://www.bsf-richtsberg.de/veranstaltungen/2870156/2026/11/17/bipa-gruppe-für-überwiegend-afghanisch-sprechende-eltern.html
18.11.​2026,Frauencafé,,https://www.bsf-richtsberg.de/veranstaltungen/2782982/2026/11/18/frauencafé.html
19.11.​2026,"Offenes Café im Familiennetzwerk, Am Richtsberg 68",,https://www.bsf-richtsberg.de/veranstaltungen/2836095/2026/11/19/offenes-café-im-familiennetzwerk-am-richtsberg-68.html
20.11.​2026,Afghanische Frauengruppe,,https://www.bsf-richtsberg.de/veranstaltungen/2782993/2026/11/20/afghanische-frauengruppe.html
23.11.​2026,Offenes Büro im Familiennetzwerk,,https://www.bsf-richtsberg.de/veranstaltungen/2870266/2026/11/23/offenes-büro-im-familiennetzwerk.html
23.11.​2026,Babycafé,,https://www.bsf-richtsberg.de/veranstaltungen/2782902/2026/11/23/babycafé.html
23.11.​2026,Maribel Sprechstunde im Familiennetzwerk,,https://www.bsf-richtsberg.de/veranstaltungen/2870244/2026/11/23/maribel-sprechstunde-im-familiennetzwerk.html
23.11.​2026,Offenes Büro im Familiennetzwerk,,https://www.bsf-richtsberg.de/veranstaltungen/2870269/2026/11/23/offenes-büro-im-familiennetzwerk.html
23.11.​2026,Lernwerkstatt der VHS im Familiennetzwerk,,https://www.bsf-richtsberg.de/veranstaltungen/2870255/2026/11/23/lernwerkstatt-der-vhs-im-familiennetzwerk.html
24.11.​2026,Offenes Büro im Familiennetzwerk,,https://www.bsf-richtsberg.de/veranstaltungen/2870270/2026/11/24/offenes-büro-im-familiennetzwerk.html
24.11.​2026,Bipa Elterncafé: für Eltern mit Kindern von 1-3 Jahren,,https://www.bsf-richtsberg.de/veranstaltungen/2782907/2026/11/24/bipa-elterncafé-für-eltern-mit-kindern-von-1-3-jahren.html
24.11.​2026,Senior:innen Nachmittag,,https://www.bsf-richtsberg.de/veranstaltungen/2766698/2026/11/24/senior-innen-nachmittag.html
24.11.​2026,Bipa Gruppe für überwiegend afghanisch sprechende Eltern,,https://www.bsf-richtsberg.de/veranstaltungen/2870156/2026/11/24/bipa-gruppe-für-überwiegend-afghanisch-sprechende-eltern.html
25.11.​2026,Frauencafé,,https://www.bsf-richtsberg.de/veranstaltungen/2782982/2026/11/25/frauencafé.html
27.11.​2026,Afghanische Frauengruppe,,https://www.bsf-richtsberg.de/veranstaltungen/2782993/2026/11/27/afghanische-frauengruppe.html
30.11.​2026,Offenes Büro im Familiennetzwerk,,https://www.bsf-richtsberg.de/veranstaltungen/2870266/2026/11/30/offenes-büro-im-familiennetzwerk.html
30.11.​2026,Babycafé,,https://www.bsf-richtsberg.de/veranstaltungen/2782902/2026/11/30/babycafé.html
30.11.​2026,Offenes Büro im Familiennetzwerk,,https://www.bsf-richtsberg.de/veranstaltungen/2870269/2026/11/30/offenes-büro-im-familiennetzwerk.html
30.11.​2026,Lernwerkstatt der VHS im Familiennetzwerk,,https://www.bsf-richtsberg.de/veranstaltungen/2870255/2026/11/30/lernwerkstatt-der-vhs-im-familiennetzwerk.html
01.12.​2026,Offenes Büro im Familiennetzwerk,,https://www.bsf-richtsberg.de/veranstaltungen/2870270/2026/12/01/offenes-büro-im-familiennetzwerk.html
01.12.​2026,Bipa Elterncafé: für Eltern mit Kindern von 1-3 Jahren,,https://www.bsf-richtsberg.de/veranstaltungen/2782907/2026/12/01/bipa-elterncafé-für-eltern-mit-kindern-von-1-3-jahren.html
01.12.​2026,Senior:innen Nachmittag,,https://www.bsf-richtsberg.de/veranstaltungen/2766698/2026/12/01/senior-innen-nachmittag.html
01.12.​2026,Bipa Gruppe für überwiegend afghanisch sprechende Eltern,,https://www.bsf-richtsberg.de/veranstaltungen/2870156/2026/12/01/bipa-gruppe-für-überwiegend-afghanisch-sprechende-eltern.html
02.12.​2026,Frauencafé,,https://www.bsf-richtsberg.de/veranstaltungen/2782982/2026/12/02/frauencafé.html
03.12.​2026,"Offenes Café im Familiennetzwerk, Am Richtsberg 68",,https://www.bsf-richtsberg.de/veranstaltungen/2836095/2026/12/03/offenes-café-im-familiennetzwerk-am-richtsberg-68.html
04.12.​2026,Afghanische Frauengruppe,,https://www.bsf-richtsberg.de/veranstaltungen/2782993/2026/12/04/afghanische-frauengruppe.html
07.12.​2026,Offenes Büro im Familiennetzwerk,,https://www.bsf-richtsberg.de/veranstaltungen/2870266/2026/12/07/offenes-büro-im-familiennetzwerk.html
07.12.​2026,Babycafé,,https://www.bsf-richtsberg.de/veranstaltungen/2782902/2026/12/07/babycafé.html
07.12.​2026,Offenes Büro im Familiennetzwerk,,https://www.bsf-richtsberg.de/veranstaltungen/2870269/2026/12/07/offenes-büro-im-familiennetzwerk.html
07.12.​2026,Lernwerkstatt der VHS im Familiennetzwerk,,https://www.bsf-richtsberg.de/veranstaltungen/2870255/2026/12/07/lernwerkstatt-der-vhs-im-familiennetzwerk.html
08.12.​2026,Offenes Büro im Familiennetzwerk,,https://www.bsf-richtsberg.de/veranstaltungen/2870270/2026/12/08/offenes-büro-im-familiennetzwerk.html
08.12.​2026,Bipa Elterncafé: für Eltern mit Kindern von 1-3 Jahren,,https://www.bsf-richtsberg.de/veranstaltungen/2782907/2026/12/08/bipa-elterncafé-für-eltern-mit-kindern-von-1-3-jahren.html
08.12.​2026,Senior:innen Nachmittag,,https://www.bsf-richtsberg.de/veranstaltungen/2766698/2026/12/08/senior-innen-nachmittag.html
08.12.​2026,Bipa Gruppe für überwiegend afghanisch sprechende Eltern,,https://www.bsf-richtsberg.de/veranstaltungen/2870156/2026/12/08/bipa-gruppe-für-überwiegend-afghanisch-sprechende-eltern.html
09.12.​2026,Frauencafé,,https://www.bsf-richtsberg.de/veranstaltungen/2782982/2026/12/09/frauencafé.html
11.12.​2026,Afghanische Frauengruppe,,https://www.bsf-richtsberg.de/veranstaltungen/2782993/2026/12/11/afghanische-frauengruppe.html
14.12.​2026,Offenes Büro im Familiennetzwerk,,https://www.bsf-richtsberg.de/veranstaltungen/2870266/2026/12/14/offenes-büro-im-familiennetzwerk.html
14.12.​2026,Babycafé,,https://www.bsf-richtsberg.de/veranstaltungen/2782902/2026/12/14/babycafé.html
14.12.​2026,Offenes Büro im Familiennetzwerk,,https://www.bsf-richtsberg.de/veranstaltungen/2870269/2026/12/14/offenes-büro-im-familiennetzwerk.html
14.12.​2026,Lernwerkstatt der VHS im Familiennetzwerk,,https://www.bsf-richtsberg.de/veranstaltungen/2870255/2026/12/14/lernwerkstatt-der-vhs-im-familiennetzwerk.html
15.12.​2026,Offenes Büro im Familiennetzwerk,,https://www.bsf-richtsberg.de/veranstaltungen/2870270/2026/12/15/offenes-büro-im-familiennetzwerk.html
15.12.​2026,Bipa Elterncafé: für Eltern mit Kindern von 1-3 Jahren,,https://www.bsf-richtsberg.de/veranstaltungen/2782907/2026/12/15/bipa-elterncafé-für-eltern-mit-kindern-von-1-3-jahren.html
15.12.​2026,Senior:innen Nachmittag,,https://www.bsf-richtsberg.de/veranstaltungen/2766698/2026/12/15/senior-innen-nachmittag.html
15.12.​2026,Bipa Gruppe für überwiegend afghanisch sprechende Eltern,,https://www.bsf-richtsberg.de/veranstaltungen/2870156/2026/12/15/bipa-gruppe-für-überwiegend-afghanisch-sprechende-eltern.html
16.12.​2026,Frauencafé,,https://www.bsf-richtsberg.de/veranstaltungen/2782982/2026/12/16/frauencafé.html
17.12.​2026,"Offenes Café im Familiennetzwerk, Am Richtsberg 68",,https://www.bsf-richtsberg.de/veranstaltungen/2836095/2026/12/17/offenes-café-im-familiennetzwerk-am-richtsberg-68.html
18.12.​2026,Afghanische Frauengruppe,,https://www.bsf-richtsberg.de/veranstaltungen/2782993/2026/12/18/afghanische-frauengruppe.html
21.12.​2026,Offenes Büro im Familiennetzwerk,,https://www.bsf-richtsberg.de/veranstaltungen/2870266/2026/12/21/offenes-büro-im-familiennetzwerk.html
21.12.​2026,Babycafé,,https://www.bsf-richtsberg.de/veranstaltungen/2782902/2026/12/21/babycafé.html
21.12.​2026,Offenes Büro im Familiennetzwerk,,https://www.bsf-richtsberg.de/veranstaltungen/2870269/2026/12/21/offenes-büro-im-familiennetzwerk.html
21.12.​2026,Lernwerkstatt der VHS im Familiennetzwerk,,https://www.bsf-richtsberg.de/veranstaltungen/2870255/2026/12/21/lernwerkstatt-der-vhs-im-familiennetzwerk.html
22.12.​2026,Offenes Büro im Familiennetzwerk,,https://www.bsf-richtsberg.de/veranstaltungen/2870270/2026/12/22/offenes-büro-im-familiennetzwerk.html
22.12.​2026,Bipa Elterncafé: für Eltern mit Kindern von 1-3 Jahren,,https://www.bsf-richtsberg.de/veranstaltungen/2782907/2026/12/22/bipa-elterncafé-für-eltern-mit-kindern-von-1-3-jahren.html
22.12.​2026,Senior:innen Nachmittag,,https://www.bsf-richtsberg.de/veranstaltungen/2766698/2026/12/22/senior-innen-nachmittag.html
22.12.​2026,Bipa Gruppe für überwiegend afghanisch sprechende Eltern,,https://www.bsf-richtsberg.de/veranstaltungen/2870156/2026/12/22/bipa-gruppe-für-überwiegend-afghanisch-sprechende-eltern.html
23.12.​2026,Frauencafé,,https://www.bsf-richtsberg.de/veranstaltungen/2782982/2026/12/23/frauencafé.html
25.12.​2026,Afghanische Frauengruppe,,https://www.bsf-richtsberg.de/veranstaltungen/2782993/2026/12/25/afghanische-frauengruppe.html
28.12.​2026,Offenes Büro im Familiennetzwerk,,https://www.bsf-richtsberg.de/veranstaltungen/2870266/2026/12/28/offenes-büro-im-familiennetzwerk.html
28.12.​2026,Babycafé,,https://www.bsf-richtsberg.de/veranstaltungen/2782902/2026/12/28/babycafé.html
28.12.​2026,Offenes Büro im Familiennetzwerk,,https://www.bsf-richtsberg.de/veranstaltungen/2870269/2026/12/28/offenes-büro-im-familiennetzwerk.html
28.12.​2026,Lernwerkstatt der VHS im Familiennetzwerk,,https://www.bsf-richtsberg.de/veranstaltungen/2870255/2026/12/28/lernwerkstatt-der-vhs-im-familiennetzwerk.html
29.12.​2026,Offenes Büro im Familiennetzwerk,,https://www.bsf-richtsberg.de/veranstaltungen/2870270/2026/12/29/offenes-büro-im-familiennetzwerk.html
29.12.​2026,Bipa Elterncafé: für Eltern mit Kindern von 1-3 Jahren,,https://www.bsf-richtsberg.de/veranstaltungen/2782907/2026/12/29/bipa-elterncafé-für-eltern-mit-kindern-von-1-3-jahren.html
29.12.​2026,Senior:innen Nachmittag,,https://www.bsf-richtsberg.de/veranstaltungen/2766698/2026/12/29/senior-innen-nachmittag.html
29.12.​2026,Bipa Gruppe für überwiegend afghanisch sprechende Eltern,,https://www.bsf-richtsberg.de/veranstaltungen/2870156/2026/12/29/bipa-gruppe-für-überwiegend-afghanisch-sprechende-eltern.html
30.12.​2026,Frauencafé,,https://www.bsf-richtsberg.de/veranstaltungen/2782982/2026/12/30/frauencafé.html
31.12.​2026,"Offenes Café im Familiennetzwerk, Am Richtsberg 68",,https://www.bsf-richtsberg.de/veranstaltungen/2836095/2026/12/31/offenes-café-im-familiennetzwerk-am-richtsberg-68.html
01.01.​2027,Afghanische Frauengruppe,,https://www.bsf-richtsberg.de/veranstaltungen/2782993/2027/01/01/afghanische-frauengruppe.html
04.01.​2027,Offenes Büro im Familiennetzwerk,,https://www.bsf-richtsberg.de/veranstaltungen/2870266/2027/01/04/offenes-büro-im-familiennetzwerk.html
04.01.​2027,Babycafé,,https://www.bsf-richtsberg.de/veranstaltungen/2782902/2027/01/04/babycafé.html
04.01.​2027,Offenes Büro im Familiennetzwerk,,https://www.bsf-richtsberg.de/veranstaltungen/2870269/2027/01/04/offenes-büro-im-familiennetzwerk.html
04.01.​2027,Lernwerkstatt der VHS im Familiennetzwerk,,https://www.bsf-richtsberg.de/veranstaltungen/2870255/2027/01/04/lernwerkstatt-der-vhs-im-familiennetzwerk.html
05.01.​2027,Offenes Büro im Familiennetzwerk,,https://www.bsf-richtsberg.de/veranstaltungen/2870270/2027/01/05/offenes-büro-im-familiennetzwerk.html
05.01.​2027,Bipa Elterncafé: für Eltern mit Kindern von 1-3 Jahren,,https://www.bsf-richtsberg.de/veranstaltungen/2782907/2027/01/05/bipa-elterncafé-für-eltern-mit-kindern-von-1-3-jahren.html
05.01.​2027,Senior:innen Nachmittag,,https://www.bsf-richtsberg.de/veranstaltungen/2766698/2027/01/05/senior-innen-nachmittag.html
05.01.​2027,Bipa Gruppe für überwiegend afghanisch sprechende Eltern,,https://www.bsf-richtsberg.de/veranstaltungen/2870156/2027/01/05/bipa-gruppe-für-überwiegend-afghanisch-sprechende-eltern.html
06.01.​2027,Frauencafé,,https://www.bsf-richtsberg.de/veranstaltungen/2782982/2027/01/06/frauencafé.html
08.01.​2027,Afghanische Frauengruppe,,https://www.bsf-richtsberg.de/veranstaltungen/2782993/2027/01/08/afghanische-frauengruppe.html
11.01.​2027,Offenes Büro im Familiennetzwerk,,https://www.bsf-richtsberg.de/veranstaltungen/2870266/2027/01/11/offenes-büro-im-familiennetzwerk.html
11.01.​2027,Babycafé,,https://www.bsf-richtsberg.de/veranstaltungen/2782902/2027/01/11/babycafé.html
11.01.​2027,Offenes Büro im Familiennetzwerk,,https://www.bsf-richtsberg.de/veranstaltungen/2870269/2027/01/11/offenes-büro-im-familiennetzwerk.html
11.01.​2027,Lernwerkstatt der VHS im Familiennetzwerk,,https://www.bsf-richtsberg.de/veranstaltungen/2870255/2027/01/11/lernwerkstatt-der-vhs-im-familiennetzwerk.html
12.01.​2027,Offenes Büro im Familiennetzwerk,,https://www.bsf-richtsberg.de/veranstaltungen/2870270/2027/01/12/offenes-büro-im-familiennetzwerk.html
12.01.​2027,Bipa Elterncafé: für Eltern mit Kindern von 1-3 Jahren,,https://www.bsf-richtsberg.de/veranstaltungen/2782907/2027/01/12/bipa-elterncafé-für-eltern-mit-kindern-von-1-3-jahren.html
12.01.​2027,Senior:innen Nachmittag,,https://www.bsf-richtsberg.de/veranstaltungen/2766698/2027/01/12/senior-innen-nachmittag.html
12.01.​2027,Bipa Gruppe für überwiegend afghanisch sprechende Eltern,,https://www.bsf-richtsberg.de/veranstaltungen/2870156/2027/01/12/bipa-gruppe-für-überwiegend-afghanisch-sprechende-eltern.html
13.01.​2027,Frauencafé,,https://www.bsf-richtsberg.de/veranstaltungen/2782982/2027/01/13/frauencafé.html
14.01.​2027,"Offenes Café im Familiennetzwerk, Am Richtsberg 68",,https://www.bsf-richtsberg.de/veranstaltungen/2836095/2027/01/14/offenes-café-im-familiennetzwerk-am-richtsberg-68.html
15.01.​2027,Afghanische Frauengruppe,,https://www.bsf-richtsberg.de/veranstaltungen/2782993/2027/01/15/afghanische-frauengruppe.html
18.01.​2027,Offenes Büro im Familiennetzwerk,,https://www.bsf-richtsberg.de/veranstaltungen/2870266/2027/01/18/offenes-büro-im-familiennetzwerk.html
18.01.​2027,Babycafé,,https://www.bsf-richtsberg.de/veranstaltungen/2782902/2027/01/18/babycafé.html
18.01.​2027,Offenes Büro im Familiennetzwerk,,https://www.bsf-richtsberg.de/veranstaltungen/2870269/2027/01/18/offenes-büro-im-familiennetzwerk.html
18.01.​2027,Lernwerkstatt der VHS im Familiennetzwerk,,https://www.bsf-richtsberg.de/veranstaltungen/2870255/2027/01/18/lernwerkstatt-der-vhs-im-familiennetzwerk.html
19.01.​2027,Offenes Büro im Familiennetzwerk,,https://www.bsf-richtsberg.de/veranstaltungen/2870270/2027/01/19/offenes-büro-im-familiennetzwerk.html
19.01.​2027,Bipa Elterncafé: für Eltern mit Kindern von 1-3 Jahren,,https://www.bsf-richtsberg.de/veranstaltungen/2782907/2027/01/19/bipa-elterncafé-für-eltern-mit-kindern-von-1-3-jahren.html
19.01.​2027,Senior:innen Nachmittag,,https://www.bsf-richtsberg.de/veranstaltungen/2766698/2027/01/19/senior-innen-nachmittag.html
19.01.​2027,Bipa Gruppe für überwiegend afghanisch sprechende Eltern,,https://www.bsf-richtsberg.de/veranstaltungen/2870156/2027/01/19/bipa-gruppe-für-überwiegend-afghanisch-sprechende-eltern.html
20.01.​2027,Frauencafé,,https://www.bsf-richtsberg.de/veranstaltungen/2782982/2027/01/20/frauencafé.html
22.01.​2027,Afghanische Frauengruppe,,https://www.bsf-richtsberg.de/veranstaltungen/2782993/2027/01/22/afghanische-frauengruppe.html
25.01.​2027,Offenes Büro im Familiennetzwerk,,https://www.bsf-richtsberg.de/veranstaltungen/2870266/2027/01/25/offenes-büro-im-familiennetzwerk.html
25.01.​2027,Babycafé,,https://www.bsf-richtsberg.de/veranstaltungen/2782902/2027/01/25/babycafé.html
25.01.​2027,Offenes Büro im Familiennetzwerk,,https://www.bsf-richtsberg.de/veranstaltungen/2870269/2027/01/25/offenes-büro-im-familiennetzwerk.html
25.01.​2027,Lernwerkstatt der VHS im Familiennetzwerk,,https://www.bsf-richtsberg.de/veranstaltungen/2870255/2027/01/25/lernwerkstatt-der-vhs-im-familiennetzwerk.html
26.01.​2027,Offenes Büro im Familiennetzwerk,,https://www.bsf-richtsberg.de/veranstaltungen/2870270/2027/01/26/offenes-büro-im-familiennetzwerk.html
26.01.​2027,Bipa Elterncafé: für Eltern mit Kindern von 1-3 Jahren,,https://www.bsf-richtsberg.de/veranstaltungen/2782907/2027/01/26/bipa-elterncafé-für-eltern-mit-kindern-von-1-3-jahren.html
26.01.​2027,Senior:innen Nachmittag,,https://www.bsf-richtsberg.de/veranstaltungen/2766698/2027/01/26/senior-innen-nachmittag.html
26.01.​2027,Bipa Gruppe für überwiegend afghanisch sprechende Eltern,,https://www.bsf-richtsberg.de/veranstaltungen/2870156/2027/01/26/bipa-gruppe-für-überwiegend-afghanisch-sprechende-eltern.html
27.01.​2027,Frauencafé,,https://www.bsf-richtsberg.de/veranstaltungen/2782982/2027/01/27/frauencafé.html
28.01.​2027,"Offenes Café im Familiennetzwerk, Am Richtsberg 68",,https://www.bsf-richtsberg.de/veranstaltungen/2836095/2027/01/28/offenes-café-im-familiennetzwerk-am-richtsberg-68.html
29.01.​2027,Afghanische Frauengruppe,,https://www.bsf-richtsberg.de/veranstaltungen/2782993/2027/01/29/afghanische-frauengruppe.html
01.02.​2027,Offenes Büro im Familiennetzwerk,,https://www.bsf-richtsberg.de/veranstaltungen/2870266/2027/02/01/offenes-büro-im-familiennetzwerk.html
01.02.​2027,Babycafé,,https://www.bsf-richtsberg.de/veranstaltungen/2782902/2027/02/01/babycafé.html
01.02.​2027,Offenes Büro im Familiennetzwerk,,https://www.bsf-richtsberg.de/veranstaltungen/2870269/2027/02/01/offenes-büro-im-familiennetzwerk.html
01.02.​2027,Lernwerkstatt der VHS im Familiennetzwerk,,https://www.bsf-richtsberg.de/veranstaltungen/2870255/2027/02/01/lernwerkstatt-der-vhs-im-familiennetzwerk.html
02.02.​2027,Offenes Büro im Familiennetzwerk,,https://www.bsf-richtsberg.de/veranstaltungen/2870270/2027/02/02/offenes-büro-im-familiennetzwerk.html
02.02.​2027,Bipa Elterncafé: für Eltern mit Kindern von 1-3 Jahren,,https://www.bsf-richtsberg.de/veranstaltungen/2782907/2027/02/02/bipa-elterncafé-für-eltern-mit-kindern-von-1-3-jahren.html
02.02.​2027,Senior:innen Nachmittag,,https://www.bsf-richtsberg.de/veranstaltungen/2766698/2027/02/02/senior-innen-nachmittag.html
02.02.​2027,Bipa Gruppe für überwiegend afghanisch sprechende Eltern,,https://www.bsf-richtsberg.de/veranstaltungen/2870156/2027/02/02/bipa-gruppe-für-überwiegend-afghanisch-sprechende-eltern.html
03.02.​2027,Frauencafé,,https://www.bsf-richtsberg.de/veranstaltungen/2782982/2027/02/03/frauencafé.html
05.02.​2027,Afghanische Frauengruppe,,https://www.bsf-richtsberg.de/veranstaltungen/2782993/2027/02/05/afghanische-frauengruppe.html
08.02.​2027,Offenes Büro im Familiennetzwerk,,https://www.bsf-richtsberg.de/veranstaltungen/2870266/2027/02/08/offenes-büro-im-familiennetzwerk.html
08.02.​2027,Babycafé,,https://www.bsf-richtsberg.de/veranstaltungen/2782902/2027/02/08/babycafé.html
08.02.​2027,Offenes Büro im Familiennetzwerk,,https://www.bsf-richtsberg.de/veranstaltungen/2870269/2027/02/08/offenes-büro-im-familiennetzwerk.html
08.02.​2027,Lernwerkstatt der VHS im Familiennetzwerk,,https://www.bsf-richtsberg.de/veranstaltungen/2870255/2027/02/08/lernwerkstatt-der-vhs-im-familiennetzwerk.html
09.02.​2027,Offenes Büro im Familiennetzwerk,,https://www.bsf-richtsberg.de/veranstaltungen/2870270/2027/02/09/offenes-büro-im-familiennetzwerk.html
09.02.​2027,Bipa Elterncafé: für Eltern mit Kindern von 1-3 Jahren,,https://www.bsf-richtsberg.de/veranstaltungen/2782907/2027/02/09/bipa-elterncafé-für-eltern-mit-kindern-von-1-3-jahren.html
09.02.​2027,Senior:innen Nachmittag,,https://www.bsf-richtsberg.de/veranstaltungen/2766698/2027/02/09/senior-innen-nachmittag.html
09.02.​2027,Bipa Gruppe für überwiegend afghanisch sprechende Eltern,,https://www.bsf-richtsberg.de/veranstaltungen/2870156/2027/02/09/bipa-gruppe-für-überwiegend-afghanisch-sprechende-eltern.html
10.02.​2027,Frauencafé,,https://www.bsf-richtsberg.de/veranstaltungen/2782982/2027/02/10/frauencafé.html
11.02.​2027,"Offenes Café im Familiennetzwerk, Am Richtsberg 68",,https://www.bsf-richtsberg.de/veranstaltungen/2836095/2027/02/11/offenes-café-im-familiennetzwerk-am-richtsberg-68.html
12.02.​2027,Afghanische Frauengruppe,,https://www.bsf-richtsberg.de/veranstaltungen/2782993/2027/02/12/afghanische-frauengruppe.html
15.02.​2027,Offenes Büro im Familiennetzwerk,,https://www.bsf-richtsberg.de/veranstaltungen/2870266/2027/02/15/offenes-büro-im-familiennetzwerk.html
15.02.​2027,Babycafé,,https://www.bsf-richtsberg.de/veranstaltungen/2782902/2027/02/15/babycafé.html
15.02.​2027,Offenes Büro im Familiennetzwerk,,https://www.bsf-richtsberg.de/veranstaltungen/2870269/2027/02/15/offenes-büro-im-familiennetzwerk.html
15.02.​2027,Lernwerkstatt der VHS im Familiennetzwerk,,https://www.bsf-richtsberg.de/veranstaltungen/2870255/2027/02/15/lernwerkstatt-der-vhs-im-familiennetzwerk.html
16.02.​2027,Offenes Büro im Familiennetzwerk,,https://www.bsf-richtsberg.de/veranstaltungen/2870270/2027/02/16/offenes-büro-im-familiennetzwerk.html
16.02.​2027,Bipa Elterncafé: für Eltern mit Kindern von 1-3 Jahren,,https://www.bsf-richtsberg.de/veranstaltungen/2782907/2027/02/16/bipa-elterncafé-für-eltern-mit-kindern-von-1-3-jahren.html
16.02.​2027,Senior:innen Nachmittag,,https://www.bsf-richtsberg.de/veranstaltungen/2766698/2027/02/16/senior-innen-nachmittag.html
16.02.​2027,Bipa Gruppe für überwiegend afghanisch sprechende Eltern,,https://www.bsf-richtsberg.de/veranstaltungen/2870156/2027/02/16/bipa-gruppe-für-überwiegend-afghanisch-sprechende-eltern.html
17.02.​2027,Frauencafé,,https://www.bsf-richtsberg.de/veranstaltungen/2782982/2027/02/17/frauencafé.html
19.02.​2027,Afghanische Frauengruppe,,https://www.bsf-richtsberg.de/veranstaltungen/2782993/2027/02/19/afghanische-frauengruppe.html
22.02.​2027,Offenes Büro im Familiennetzwerk,,https://www.bsf-richtsberg.de/veranstaltungen/2870266/2027/02/22/offenes-büro-im-familiennetzwerk.html
22.02.​2027,Babycafé,,https://www.bsf-richtsberg.de/veranstaltungen/2782902/2027/02/22/babycafé.html
22.02.​2027,Offenes Büro im Familiennetzwerk,,https://www.bsf-richtsberg.de/veranstaltungen/2870269/2027/02/22/offenes-büro-im-familiennetzwerk.html
22.02.​2027,Lernwerkstatt der VHS im Familiennetzwerk,,https://www.bsf-richtsberg.de/veranstaltungen/2870255/2027/02/22/lernwerkstatt-der-vhs-im-familiennetzwerk.html
23.02.​2027,Offenes Büro im Familiennetzwerk,,https://www.bsf-richtsberg.de/veranstaltungen/2870270/2027/02/23/offenes-büro-im-familiennetzwerk.html
23.02.​2027,Bipa Elterncafé: für Eltern mit Kindern von 1-3 Jahren,,https://www.bsf-richtsberg.de/veranstaltungen/2782907/2027/02/23/bipa-elterncafé-für-eltern-mit-kindern-von-1-3-jahren.html
23.02.​2027,Senior:innen Nachmittag,,https://www.bsf-richtsberg.de/veranstaltungen/2766698/2027/02/23/senior-innen-nachmittag.html
23.02.​2027,Bipa Gruppe für überwiegend afghanisch sprechende Eltern,,https://www.bsf-richtsberg.de/veranstaltungen/2870156/2027/02/23/bipa-gruppe-für-überwiegend-afghanisch-sprechende-eltern.html
24.02.​2027,Frauencafé,,https://www.bsf-richtsberg.de/veranstaltungen/2782982/2027/02/24/frauencafé.html
25.02.​2027,"Offenes Café im Familiennetzwerk, Am Richtsberg 68",,https://www.bsf-richtsberg.de/veranstaltungen/2836095/2027/02/25/offenes-café-im-familiennetzwerk-am-richtsberg-68.html
26.02.​2027,Afghanische Frauengruppe,,https://www.bsf-richtsberg.de/veranstaltungen/2782993/2027/02/26/afghanische-frauengruppe.html
01.03.​2027,Offenes Büro im Familiennetzwerk,,https://www.bsf-richtsberg.de/veranstaltungen/2870266/2027/03/01/offenes-büro-im-familiennetzwerk.html
01.03.​2027,Babycafé,,https://www.bsf-richtsberg.de/veranstaltungen/2782902/2027/03/01/babycafé.html
01.03.​2027,Offenes Büro im Familiennetzwerk,,https://www.bsf-richtsberg.de/veranstaltungen/2870269/2027/03/01/offenes-büro-im-familiennetzwerk.html
01.03.​2027,Lernwerkstatt der VHS im Familiennetzwerk,,https://www.bsf-richtsberg.de/veranstaltungen/2870255/2027/03/01/lernwerkstatt-der-vhs-im-familiennetzwerk.html
02.03.​2027,Offenes Büro im Familiennetzwerk,,https://www.bsf-richtsberg.de/veranstaltungen/2870270/2027/03/02/offenes-büro-im-familiennetzwerk.html
02.03.​2027,Bipa Elterncafé: für Eltern mit Kindern von 1-3 Jahren,,https://www.bsf-richtsberg.de/veranstaltungen/2782907/2027/03/02/bipa-elterncafé-für-eltern-mit-kindern-von-1-3-jahren.html
02.03.​2027,Senior:innen Nachmittag,,https://www.bsf-richtsberg.de/veranstaltungen/2766698/2027/03/02/senior-innen-nachmittag.html
02.03.​2027,Bipa Gruppe für überwiegend afghanisch sprechende Eltern,,https://www.bsf-richtsberg.de/veranstaltungen/2870156/2027/03/02/bipa-gruppe-für-überwiegend-afghanisch-sprechende-eltern.html
03.03.​2027,Frauencafé,,https://www.bsf-richtsberg.de/veranstaltungen/2782982/2027/03/03/frauencafé.html
05.03.​2027,Afghanische Frauengruppe,,https://www.bsf-richtsberg.de/veranstaltungen/2782993/2027/03/05/afghanische-frauengruppe.html
08.03.​2027,Offenes Büro im Familiennetzwerk,,https://www.bsf-richtsberg.de/veranstaltungen/2870266/2027/03/08/offenes-büro-im-familiennetzwerk.html
08.03.​2027,Babycafé,,https://www.bsf-richtsberg.de/veranstaltungen/2782902/2027/03/08/babycafé.html
08.03.​2027,Offenes Büro im Familiennetzwerk,,https://www.bsf-richtsberg.de/veranstaltungen/2870269/2027/03/08/offenes-büro-im-familiennetzwerk.html
08.03.​2027,Lernwerkstatt der VHS im Familiennetzwerk,,https://www.bsf-richtsberg.de/veranstaltungen/2870255/2027/03/08/lernwerkstatt-der-vhs-im-familiennetzwerk.html
09.03.​2027,Offenes Büro im Familiennetzwerk,,https://www.bsf-richtsberg.de/veranstaltungen/2870270/2027/03/09/offenes-büro-im-familiennetzwerk.html
09.03.​2027,Bipa Elterncafé: für Eltern mit Kindern von 1-3 Jahren,,https://www.bsf-richtsberg.de/veranstaltungen/2782907/2027/03/09/bipa-elterncafé-für-eltern-mit-kindern-von-1-3-jahren.html
09.03.​2027,Senior:innen Nachmittag,,https://www.bsf-richtsberg.de/veranstaltungen/2766698/2027/03/09/senior-innen-nachmittag.html
09.03.​2027,Bipa Gruppe für überwiegend afghanisch sprechende Eltern,,https://www.bsf-richtsberg.de/veranstaltungen/2870156/2027/03/09/bipa-gruppe-für-überwiegend-afghanisch-sprechende-eltern.html
10.03.​2027,Frauencafé,,https://www.bsf-richtsberg.de/veranstaltungen/2782982/2027/03/10/frauencafé.html
11.03.​2027,"Offenes Café im Familiennetzwerk, Am Richtsberg 68",,https://www.bsf-richtsberg.de/veranstaltungen/2836095/2027/03/11/offenes-café-im-familiennetzwerk-am-richtsberg-68.html
12.03.​2027,Afghanische Frauengruppe,,https://www.bsf-richtsberg.de/veranstaltungen/2782993/2027/03/12/afghanische-frauengruppe.html
15.03.​2027,Offenes Büro im Familiennetzwerk,,https://www.bsf-richtsberg.de/veranstaltungen/2870266/2027/03/15/offenes-büro-im-familiennetzwerk.html
15.03.​2027,Babycafé,,https://www.bsf-richtsberg.de/veranstaltungen/2782902/2027/03/15/babycafé.html
15.03.​2027,Offenes Büro im Familiennetzwerk,,https://www.bsf-richtsberg.de/veranstaltungen/2870269/2027/03/15/offenes-büro-im-familiennetzwerk.html
15.03.​2027,Lernwerkstatt der VHS im Familiennetzwerk,,https://www.bsf-richtsberg.de/veranstaltungen/2870255/2027/03/15/lernwerkstatt-der-vhs-im-familiennetzwerk.html
16.03.​2027,Offenes Büro im Familiennetzwerk,,https://www.bsf-richtsberg.de/veranstaltungen/2870270/2027/03/16/offenes-büro-im-familiennetzwerk.html
16.03.​2027,Bipa Elterncafé: für Eltern mit Kindern von 1-3 Jahren,,https://www.bsf-richtsberg.de/veranstaltungen/2782907/2027/03/16/bipa-elterncafé-für-eltern-mit-kindern-von-1-3-jahren.html
16.03.​2027,Senior:innen Nachmittag,,https://www.bsf-richtsberg.de/veranstaltungen/2766698/2027/03/16/senior-innen-nachmittag.html
16.03.​2027,Bipa Gruppe für überwiegend afghanisch sprechende Eltern,,https://www.bsf-richtsberg.de/veranstaltungen/2870156/2027/03/16/bipa-gruppe-für-überwiegend-afghanisch-sprechende-eltern.html
17.03.​2027,Frauencafé,,https://www.bsf-richtsberg.de/veranstaltungen/2782982/2027/03/17/frauencafé.html
19.03.​2027,Afghanische Frauengruppe,,https://www.bsf-richtsberg.de/veranstaltungen/2782993/2027/03/19/afghanische-frauengruppe.html
22.03.​2027,Offenes Büro im Familiennetzwerk,,https://www.bsf-richtsberg.de/veranstaltungen/2870266/2027/03/22/offenes-büro-im-familiennetzwerk.html
22.03.​2027,Babycafé,,https://www.bsf-richtsberg.de/veranstaltungen/2782902/2027/03/22/babycafé.html
22.03.​2027,Offenes Büro im Familiennetzwerk,,https://www.bsf-richtsberg.de/veranstaltungen/2870269/2027/03/22/offenes-büro-im-familiennetzwerk.html
22.03.​2027,Lernwerkstatt der VHS im Familiennetzwerk,,https://www.bsf-richtsberg.de/veranstaltungen/2870255/2027/03/22/lernwerkstatt-der-vhs-im-familiennetzwerk.html
23.03.​2027,Offenes Büro im Familiennetzwerk,,https://www.bsf-richtsberg.de/veranstaltungen/2870270/2027/03/23/offenes-büro-im-familiennetzwerk.html
23.03.​2027,Bipa Elterncafé: für Eltern mit Kindern von 1-3 Jahren,,https://www.bsf-richtsberg.de/veranstaltungen/2782907/2027/03/23/bipa-elterncafé-für-eltern-mit-kindern-von-1-3-jahren.html
23.03.​2027,Senior:innen Nachmittag,,https://www.bsf-richtsberg.de/veranstaltungen/2766698/2027/03/23/senior-innen-nachmittag.html
23.03.​2027,Bipa Gruppe für überwiegend afghanisch sprechende Eltern,,https://www.bsf-richtsberg.de/veranstaltungen/2870156/2027/03/23/bipa-gruppe-für-überwiegend-afghanisch-sprechende-eltern.html
24.03.​2027,Frauencafé,,https://www.bsf-richtsberg.de/veranstaltungen/2782982/2027/03/24/frauencafé.html
25.03.​2027,"Offenes Café im Familiennetzwerk, Am Richtsberg 68",,https://www.bsf-richtsberg.de/veranstaltungen/2836095/2027/03/25/offenes-café-im-familiennetzwerk-am-richtsberg-68.html
26.03.​2027,Afghanische Frauengruppe,,https://www.bsf-richtsberg.de/veranstaltungen/2782993/2027/03/26/afghanische-frauengruppe.html
29.03.​2027,Offenes Büro im Familiennetzwerk,,https://www.bsf-richtsberg.de/veranstaltungen/2870266/2027/03/29/offenes-büro-im-familiennetzwerk.html
29.03.​2027,Babycafé,,https://www.bsf-richtsberg.de/veranstaltungen/2782902/2027/03/29/babycafé.html
29.03.​2027,Offenes Büro im Familiennetzwerk,,https://www.bsf-richtsberg.de/veranstaltungen/2870269/2027/03/29/offenes-büro-im-familiennetzwerk.html
29.03.​2027,Lernwerkstatt der VHS im Familiennetzwerk,,https://www.bsf-richtsberg.de/veranstaltungen/2870255/2027/03/29/lernwerkstatt-der-vhs-im-familiennetzwerk.html
30.03.​2027,Offenes Büro im Familiennetzwerk,,https://www.bsf-richtsberg.de/veranstaltungen/2870270/2027/03/30/offenes-büro-im-familiennetzwerk.html
30.03.​2027,Bipa Elterncafé: für Eltern mit Kindern von 1-3 Jahren,,https://www.bsf-richtsberg.de/veranstaltungen/2782907/2027/03/30/bipa-elterncafé-für-eltern-mit-kindern-von-1-3-jahren.html
30.03.​2027,Senior:innen Nachmittag,,https://www.bsf-richtsberg.de/veranstaltungen/2766698/2027/03/30/senior-innen-nachmittag.html
30.03.​2027,Bipa Gruppe für überwiegend afghanisch sprechende Eltern,,https://www.bsf-richtsberg.de/veranstaltungen/2870156/2027/03/30/bipa-gruppe-für-überwiegend-afghanisch-sprechende-eltern.html
31.03.​2027,Frauencafé,,https://www.bsf-richtsberg.de/veranstaltungen/2782982/2027/03/31/frauencafé.html
02.04.​2027,Afghanische Frauengruppe,,https://www.bsf-richtsberg.de/veranstaltungen/2782993/2027/04/02/afghanische-frauengruppe.html
05.04.​2027,Offenes Büro im Familiennetzwerk,,https://www.bsf-richtsberg.de/veranstaltungen/2870266/2027/04/05/offenes-büro-im-familiennetzwerk.html
05.04.​2027,Babycafé,,https://www.bsf-richtsberg.de/veranstaltungen/2782902/2027/04/05/babycafé.html
05.04.​2027,Offenes Büro im Familiennetzwerk,,https://www.bsf-richtsberg.de/veranstaltungen/2870269/2027/04/05/offenes-büro-im-familiennetzwerk.html
05.04.​2027,Lernwerkstatt der VHS im Familiennetzwerk,,https://www.bsf-richtsberg.de/veranstaltungen/2870255/2027/04/05/lernwerkstatt-der-vhs-im-familiennetzwerk.html
06.04.​2027,Offenes Büro im Familiennetzwerk,,https://www.bsf-richtsberg.de/veranstaltungen/2870270/2027/04/06/offenes-büro-im-familiennetzwerk.html
06.04.​2027,Bipa Elterncafé: für Eltern mit Kindern von 1-3 Jahren,,https://www.bsf-richtsberg.de/veranstaltungen/2782907/2027/04/06/bipa-elterncafé-für-eltern-mit-kindern-von-1-3-jahren.html
06.04.​2027,Senior:innen Nachmittag,,https://www.bsf-richtsberg.de/veranstaltungen/2766698/2027/04/06/senior-innen-nachmittag.html
06.04.​2027,Bipa Gruppe für überwiegend afghanisch sprechende Eltern,,https://www.bsf-richtsberg.de/veranstaltungen/2870156/2027/04/06/bipa-gruppe-für-überwiegend-afghanisch-sprechende-eltern.html
07.04.​2027,Frauencafé,,https://www.bsf-richtsberg.de/veranstaltungen/2782982/2027/04/07/frauencafé.html
08.04.​2027,"Offenes Café im Familiennetzwerk, Am Richtsberg 68",,https://www.bsf-richtsberg.de/veranstaltungen/2836095/2027/04/08/offenes-café-im-familiennetzwerk-am-richtsberg-68.html
09.04.​2027,Afghanische Frauengruppe,,https://www.bsf-richtsberg.de/veranstaltungen/2782993/2027/04/09/afghanische-frauengruppe.html
12.04.​2027,Offenes Büro im Familiennetzwerk,,https://www.bsf-richtsberg.de/veranstaltungen/2870266/2027/04/12/offenes-büro-im-familiennetzwerk.html
12.04.​2027,Babycafé,,https://www.bsf-richtsberg.de/veranstaltungen/2782902/2027/04/12/babycafé.html
12.04.​2027,Offenes Büro im Familiennetzwerk,,https://www.bsf-richtsberg.de/veranstaltungen/2870269/2027/04/12/offenes-büro-im-familiennetzwerk.html
12.04.​2027,Lernwerkstatt der VHS im Familiennetzwerk,,https://www.bsf-richtsberg.de/veranstaltungen/2870255/2027/04/12/lernwerkstatt-der-vhs-im-familiennetzwerk.html
13.04.​2027,Offenes Büro im Familiennetzwerk,,https://www.bsf-richtsberg.de/veranstaltungen/2870270/2027/04/13/offenes-büro-im-familiennetzwerk.html
13.04.​2027,Bipa Elterncafé: für Eltern mit Kindern von 1-3 Jahren,,https://www.bsf-richtsberg.de/veranstaltungen/2782907/2027/04/13/bipa-elterncafé-für-eltern-mit-kindern-von-1-3-jahren.html
13.04.​2027,Senior:innen Nachmittag,,https://www.bsf-richtsberg.de/veranstaltungen/2766698/2027/04/13/senior-innen-nachmittag.html
13.04.​2027,Bipa Gruppe für überwiegend afghanisch sprechende Eltern,,https://www.bsf-richtsberg.de/veranstaltungen/2870156/2027/04/13/bipa-gruppe-für-überwiegend-afghanisch-sprechende-eltern.html
14.04.​2027,Frauencafé,,https://www.bsf-richtsberg.de/veranstaltungen/2782982/2027/04/14/frauencafé.html
16.04.​2027,Afghanische Frauengruppe,,https://www.bsf-richtsberg.de/veranstaltungen/2782993/2027/04/16/afghanische-frauengruppe.html
19.04.​2027,Offenes Büro im Familiennetzwerk,,https://www.bsf-richtsberg.de/veranstaltungen/2870266/2027/04/19/offenes-büro-im-familiennetzwerk.html
19.04.​2027,Babycafé,,https://www.bsf-richtsberg.de/veranstaltungen/2782902/2027/04/19/babycafé.html
19.04.​2027,Offenes Büro im Familiennetzwerk,,https://www.bsf-richtsberg.de/veranstaltungen/2870269/2027/04/19/offenes-büro-im-familiennetzwerk.html
19.04.​2027,Lernwerkstatt der VHS im Familiennetzwerk,,https://www.bsf-richtsberg.de/veranstaltungen/2870255/2027/04/19/lernwerkstatt-der-vhs-im-familiennetzwerk.html
20.04.​2027,Offenes Büro im Familiennetzwerk,,https://www.bsf-richtsberg.de/veranstaltungen/2870270/2027/04/20/offenes-büro-im-familiennetzwerk.html
20.04.​2027,Bipa Elterncafé: für Eltern mit Kindern von 1-3 Jahren,,https://www.bsf-richtsberg.de/veranstaltungen/2782907/2027/04/20/bipa-elterncafé-für-eltern-mit-kindern-von-1-3-jahren.html
20.04.​2027,Senior:innen Nachmittag,,https://www.bsf-richtsberg.de/veranstaltungen/2766698/2027/04/20/senior-innen-nachmittag.html
20.04.​2027,Bipa Gruppe für überwiegend afghanisch sprechende Eltern,,https://www.bsf-richtsberg.de/veranstaltungen/2870156/2027/04/20/bipa-gruppe-für-überwiegend-afghanisch-sprechende-eltern.html
21.04.​2027,Frauencafé,,https://www.bsf-richtsberg.de/veranstaltungen/2782982/2027/04/21/frauencafé.html
22.04.​2027,"Offenes Café im Familiennetzwerk, Am Richtsberg 68",,https://www.bsf-richtsberg.de/veranstaltungen/2836095/2027/04/22/offenes-café-im-familiennetzwerk-am-richtsberg-68.html
23.04.​2027,Afghanische Frauengruppe,,https://www.bsf-richtsberg.de/veranstaltungen/2782993/2027/04/23/afghanische-frauengruppe.html
26.04.​2027,Offenes Büro im Familiennetzwerk,,https://www.bsf-richtsberg.de/veranstaltungen/2870266/2027/04/26/offenes-büro-im-familiennetzwerk.html
26.04.​2027,Babycafé,,https://www.bsf-richtsberg.de/veranstaltungen/2782902/2027/04/26/babycafé.html
26.04.​2027,Offenes Büro im Familiennetzwerk,,https://www.bsf-richtsberg.de/veranstaltungen/2870269/2027/04/26/offenes-büro-im-familiennetzwerk.html
26.04.​2027,Lernwerkstatt der VHS im Familiennetzwerk,,https://www.bsf-richtsberg.de/veranstaltungen/2870255/2027/04/26/lernwerkstatt-der-vhs-im-familiennetzwerk.html
27.04.​2027,Offenes Büro im Familiennetzwerk,,https://www.bsf-richtsberg.de/veranstaltungen/2870270/2027/04/27/offenes-büro-im-familiennetzwerk.html
27.04.​2027,Bipa Elterncafé: für Eltern mit Kindern von 1-3 Jahren,,https://www.bsf-richtsberg.de/veranstaltungen/2782907/2027/04/27/bipa-elterncafé-für-eltern-mit-kindern-von-1-3-jahren.html
27.04.​2027,Senior:innen Nachmittag,,https://www.bsf-richtsberg.de/veranstaltungen/2766698/2027/04/27/senior-innen-nachmittag.html
27.04.​2027,Bipa Gruppe für überwiegend afghanisch sprechende Eltern,,https://www.bsf-richtsberg.de/veranstaltungen/2870156/2027/04/27/bipa-gruppe-für-überwiegend-afghanisch-sprechende-eltern.html
28.04.​2027,Frauencafé,,https://www.bsf-richtsberg.de/veranstaltungen/2782982/2027/04/28/frauencafé.html
30.04.​2027,Afghanische Frauengruppe,,https://www.bsf-richtsberg.de/veranstaltungen/2782993/2027/04/30/afghanische-frauengruppe.html
03.05.​2027,Offenes Büro im Familiennetzwerk,,https://www.bsf-richtsberg.de/veranstaltungen/2870266/2027/05/03/offenes-büro-im-familiennetzwerk.html
03.05.​2027,Babycafé,,https://www.bsf-richtsberg.de/veranstaltungen/2782902/2027/05/03/babycafé.html
03.05.​2027,Offenes Büro im Familiennetzwerk,,https://www.bsf-richtsberg.de/veranstaltungen/2870269/2027/05/03/offenes-büro-im-familiennetzwerk.html
03.05.​2027,Lernwerkstatt der VHS im Familiennetzwerk,,https://www.bsf-richtsberg.de/veranstaltungen/2870255/2027/05/03/lernwerkstatt-der-vhs-im-familiennetzwerk.html
04.05.​2027,Offenes Büro im Familiennetzwerk,,https://www.bsf-richtsberg.de/veranstaltungen/2870270/2027/05/04/offenes-büro-im-familiennetzwerk.html
04.05.​2027,Bipa Elterncafé: für Eltern mit Kindern von 1-3 Jahren,,https://www.bsf-richtsberg.de/veranstaltungen/2782907/2027/05/04/bipa-elterncafé-für-eltern-mit-kindern-von-1-3-jahren.html
04.05.​2027,Senior:innen Nachmittag,,https://www.bsf-richtsberg.de/veranstaltungen/2766698/2027/05/04/senior-innen-nachmittag.html
04.05.​2027,Bipa Gruppe für überwiegend afghanisch sprechende Eltern,,https://www.bsf-richtsberg.de/veranstaltungen/2870156/2027/05/04/bipa-gruppe-für-überwiegend-afghanisch-sprechende-eltern.html
05.05.​2027,Frauencafé,,https://www.bsf-richtsberg.de/veranstaltungen/2782982/2027/05/05/frauencafé.html
06.05.​2027,"Offenes Café im Familiennetzwerk, Am Richtsberg 68",,https://www.bsf-richtsberg.de/veranstaltungen/2836095/2027/05/06/offenes-café-im-familiennetzwerk-am-richtsberg-68.html
07.05.​2027,Afghanische Frauengruppe,,https://www.bsf-richtsberg.de/veranstaltungen/2782993/2027/05/07/afghanische-frauengruppe.html
10.05.​2027,Offenes Büro im Familiennetzwerk,,https://www.bsf-richtsberg.de/veranstaltungen/2870266/2027/05/10/offenes-büro-im-familiennetzwerk.html
10.05.​2027,Babycafé,,https://www.bsf-richtsberg.de/veranstaltungen/2782902/2027/05/10/babycafé.html
10.05.​2027,Offenes Büro im Familiennetzwerk,,https://www.bsf-richtsberg.de/veranstaltungen/2870269/2027/05/10/offenes-büro-im-familiennetzwerk.html
10.05.​2027,Lernwerkstatt der VHS im Familiennetzwerk,,https://www.bsf-richtsberg.de/veranstaltungen/2870255/2027/05/10/lernwerkstatt-der-vhs-im-familiennetzwerk.html
11.05.​2027,Offenes Büro im Familiennetzwerk,,https://www.bsf-richtsberg.de/veranstaltungen/2870270/2027/05/11/offenes-büro-im-familiennetzwerk.html
11.05.​2027,Bipa Elterncafé: für Eltern mit Kindern von 1-3 Jahren,,https://www.bsf-richtsberg.de/veranstaltungen/2782907/2027/05/11/bipa-elterncafé-für-eltern-mit-kindern-von-1-3-jahren.html
11.05.​2027,Senior:innen Nachmittag,,https://www.bsf-richtsberg.de/veranstaltungen/2766698/2027/05/11/senior-innen-nachmittag.html
11.05.​2027,Bipa Gruppe für überwiegend afghanisch sprechende Eltern,,https://www.bsf-richtsberg.de/veranstaltungen/2870156/2027/05/11/bipa-gruppe-für-überwiegend-afghanisch-sprechende-eltern.html
12.05.​2027,Frauencafé,,https://www.bsf-richtsberg.de/veranstaltungen/2782982/2027/05/12/frauencafé.html
14.05.​2027,Afghanische Frauengruppe,,https://www.bsf-richtsberg.de/veranstaltungen/2782993/2027/05/14/afghanische-frauengruppe.html
17.05.​2027,Offenes Büro im Familiennetzwerk,,https://www.bsf-richtsberg.de/veranstaltungen/2870266/2027/05/17/offenes-büro-im-familiennetzwerk.html
17.05.​2027,Babycafé,,https://www.bsf-richtsberg.de/veranstaltungen/2782902/2027/05/17/babycafé.html
17.05.​2027,Offenes Büro im Familiennetzwerk,,https://www.bsf-richtsberg.de/veranstaltungen/2870269/2027/05/17/offenes-büro-im-familiennetzwerk.html
17.05.​2027,Lernwerkstatt der VHS im Familiennetzwerk,,https://www.bsf-richtsberg.de/veranstaltungen/2870255/2027/05/17/lernwerkstatt-der-vhs-im-familiennetzwerk.html
18.05.​2027,Offenes Büro im Familiennetzwerk,,https://www.bsf-richtsberg.de/veranstaltungen/2870270/2027/05/18/offenes-büro-im-familiennetzwerk.html
18.05.​2027,Bipa Elterncafé: für Eltern mit Kindern von 1-3 Jahren,,https://www.bsf-richtsberg.de/veranstaltungen/2782907/2027/05/18/bipa-elterncafé-für-eltern-mit-kindern-von-1-3-jahren.html
18.05.​2027,Senior:innen Nachmittag,,https://www.bsf-richtsberg.de/veranstaltungen/2766698/2027/05/18/senior-innen-nachmittag.html
18.05.​2027,Bipa Gruppe für überwiegend afghanisch sprechende Eltern,,https://www.bsf-richtsberg.de/veranstaltungen/2870156/2027/05/18/bipa-gruppe-für-überwiegend-afghanisch-sprechende-eltern.html
19.05.​2027,Frauencafé,,https://www.bsf-richtsberg.de/veranstaltungen/2782982/2027/05/19/frauencafé.html
20.05.​2027,"Offenes Café im Familiennetzwerk, Am Richtsberg 68",,https://www.bsf-richtsberg.de/veranstaltungen/2836095/2027/05/20/offenes-café-im-familiennetzwerk-am-richtsberg-68.html
21.05.​2027,Afghanische Frauengruppe,,https://www.bsf-richtsberg.de/veranstaltungen/2782993/2027/05/21/afghanische-frauengruppe.html
24.05.​2027,Offenes Büro im Familiennetzwerk,,https://www.bsf-richtsberg.de/veranstaltungen/2870266/2027/05/24/offenes-büro-im-familiennetzwerk.html
24.05.​2027,Babycafé,,https://www.bsf-richtsberg.de/veranstaltungen/2782902/2027/05/24/babycafé.html
24.05.​2027,Offenes Büro im Familiennetzwerk,,https://www.bsf-richtsberg.de/veranstaltungen/2870269/2027/05/24/offenes-büro-im-familiennetzwerk.html
24.05.​2027,Lernwerkstatt der VHS im Familiennetzwerk,,https://www.bsf-richtsberg.de/veranstaltungen/2870255/2027/05/24/lernwerkstatt-der-vhs-im-familiennetzwerk.html
25.05.​2027,Offenes Büro im Familiennetzwerk,,https://www.bsf-richtsberg.de/veranstaltungen/2870270/2027/05/25/offenes-büro-im-familiennetzwerk.html
25.05.​2027,Bipa Elterncafé: für Eltern mit Kindern von 1-3 Jahren,,https://www.bsf-richtsberg.de/veranstaltungen/2782907/2027/05/25/bipa-elterncafé-für-eltern-mit-kindern-von-1-3-jahren.html
25.05.​2027,Senior:innen Nachmittag,,https://www.bsf-richtsberg.de/veranstaltungen/2766698/2027/05/25/senior-innen-nachmittag.html
25.05.​2027,Bipa Gruppe für überwiegend afghanisch sprechende Eltern,,https://www.bsf-richtsberg.de/veranstaltungen/2870156/2027/05/25/bipa-gruppe-für-überwiegend-afghanisch-sprechende-eltern.html
26.05.​2027,Frauencafé,,https://www.bsf-richtsberg.de/veranstaltungen/2782982/2027/05/26/frauencafé.html
28.05.​2027,Afghanische Frauengruppe,,https://www.bsf-richtsberg.de/veranstaltungen/2782993/2027/05/28/afghanische-frauengruppe.html
31.05.​2027,Offenes Büro im Familiennetzwerk,,https://www.bsf-richtsberg.de/veranstaltungen/2870266/2027/05/31/offenes-büro-im-familiennetzwerk.html
31.05.​2027,Babycafé,,https://www.bsf-richtsberg.de/veranstaltungen/2782902/2027/05/31/babycafé.html
31.05.​2027,Offenes Büro im Familiennetzwerk,,https://www.bsf-richtsberg.de/veranstaltungen/2870269/2027/05/31/offenes-büro-im-familiennetzwerk.html
31.05.​2027,Lernwerkstatt der VHS im Familiennetzwerk,,https://www.bsf-richtsberg.de/veranstaltungen/2870255/2027/05/31/lernwerkstatt-der-vhs-im-familiennetzwerk.html
01.06.​2027,Offenes Büro im Familiennetzwerk,,https://www.bsf-richtsberg.de/veranstaltungen/2870270/2027/06/01/offenes-büro-im-familiennetzwerk.html
01.06.​2027,Bipa Elterncafé: für Eltern mit Kindern von 1-3 Jahren,,https://www.bsf-richtsberg.de/veranstaltungen/2782907/2027/06/01/bipa-elterncafé-für-eltern-mit-kindern-von-1-3-jahren.html
01.06.​2027,Senior:innen Nachmittag,,https://www.bsf-richtsberg.de/veranstaltungen/2766698/2027/06/01/senior-innen-nachmittag.html
01.06.​2027,Bipa Gruppe für überwiegend afghanisch sprechende Eltern,,https://www.bsf-richtsberg.de/veranstaltungen/2870156/2027/06/01/bipa-gruppe-für-überwiegend-afghanisch-sprechende-eltern.html
02.06.​2027,Frauencafé,,https://www.bsf-richtsberg.de/veranstaltungen/2782982/2027/06/02/frauencafé.html
03.06.​2027,"Offenes Café im Familiennetzwerk, Am Richtsberg 68",,https://www.bsf-richtsberg.de/veranstaltungen/2836095/2027/06/03/offenes-café-im-familiennetzwerk-am-richtsberg-68.html
04.06.​2027,Afghanische Frauengruppe,,https://www.bsf-richtsberg.de/veranstaltungen/2782993/2027/06/04/afghanische-frauengruppe.html
07.06.​2027,Offenes Büro im Familiennetzwerk,,https://www.bsf-richtsberg.de/veranstaltungen/2870266/2027/06/07/offenes-büro-im-familiennetzwerk.html
07.06.​2027,Babycafé,,https://www.bsf-richtsberg.de/veranstaltungen/2782902/2027/06/07/babycafé.html
07.06.​2027,Offenes Büro im Familiennetzwerk,,https://www.bsf-richtsberg.de/veranstaltungen/2870269/2027/06/07/offenes-büro-im-familiennetzwerk.html
07.06.​2027,Lernwerkstatt der VHS im Familiennetzwerk,,https://www.bsf-richtsberg.de/veranstaltungen/2870255/2027/06/07/lernwerkstatt-der-vhs-im-familiennetzwerk.html
08.06.​2027,Offenes Büro im Familiennetzwerk,,https://www.bsf-richtsberg.de/veranstaltungen/2870270/2027/06/08/offenes-büro-im-familiennetzwerk.html
08.06.​2027,Bipa Elterncafé: für Eltern mit Kindern von 1-3 Jahren,,https://www.bsf-richtsberg.de/veranstaltungen/2782907/2027/06/08/bipa-elterncafé-für-eltern-mit-kindern-von-1-3-jahren.html
08.06.​2027,Senior:innen Nachmittag,,https://www.bsf-richtsberg.de/veranstaltungen/2766698/2027/06/08/senior-innen-nachmittag.html
08.06.​2027,Bipa Gruppe für überwiegend afghanisch sprechende Eltern,,https://www.bsf-richtsberg.de/veranstaltungen/2870156/2027/06/08/bipa-gruppe-für-überwiegend-afghanisch-sprechende-eltern.html
09.06.​2027,Frauencafé,,https://www.bsf-richtsberg.de/veranstaltungen/2782982/2027/06/09/frauencafé.html
11.06.​2027,Afghanische Frauengruppe,,https://www.bsf-richtsberg.de/veranstaltungen/2782993/2027/06/11/afghanische-frauengruppe.html
14.06.​2027,Offenes Büro im Familiennetzwerk,,https://www.bsf-richtsberg.de/veranstaltungen/2870266/2027/06/14/offenes-büro-im-familiennetzwerk.html
14.06.​2027,Babycafé,,https://www.bsf-richtsberg.de/veranstaltungen/2782902/2027/06/14/babycafé.html
14.06.​2027,Offenes Büro im Familiennetzwerk,,https://www.bsf-richtsberg.de/veranstaltungen/2870269/2027/06/14/offenes-büro-im-familiennetzwerk.html
14.06.​2027,Lernwerkstatt der VHS im Familiennetzwerk,,https://www.bsf-richtsberg.de/veranstaltungen/2870255/2027/06/14/lernwerkstatt-der-vhs-im-familiennetzwerk.html
15.06.​2027,Offenes Büro im Familiennetzwerk,,https://www.bsf-richtsberg.de/veranstaltungen/2870270/2027/06/15/offenes-büro-im-familiennetzwerk.html
15.06.​2027,Bipa Elterncafé: für Eltern mit Kindern von 1-3 Jahren,,https://www.bsf-richtsberg.de/veranstaltungen/2782907/2027/06/15/bipa-elterncafé-für-eltern-mit-kindern-von-1-3-jahren.html
15.06.​2027,Senior:innen Nachmittag,,https://www.bsf-richtsberg.de/veranstaltungen/2766698/2027/06/15/senior-innen-nachmittag.html
15.06.​2027,Bipa Gruppe für überwiegend afghanisch sprechende Eltern,,https://www.bsf-richtsberg.de/veranstaltungen/2870156/2027/06/15/bipa-gruppe-für-überwiegend-afghanisch-sprechende-eltern.html
16.06.​2027,Frauencafé,,https://www.bsf-richtsberg.de/veranstaltungen/2782982/2027/06/16/frauencafé.html
17.06.​2027,"Offenes Café im Familiennetzwerk, Am Richtsberg 68",,https://www.bsf-richtsberg.de/veranstaltungen/2836095/2027/06/17/offenes-café-im-familiennetzwerk-am-richtsberg-68.html
18.06.​2027,Afghanische Frauengruppe,,https://www.bsf-richtsberg.de/veranstaltungen/2782993/2027/06/18/afghanische-frauengruppe.html
