Title,Date,Category,Location,URL
30 Jahre PARADOX – Mitten im Land,"Do., 4 Juni, 2026 07:00",Vernissage,"Foyer Kreishaus Marburg-Biedenkopf, Marburg",https://www.marburg-liebe.de/veranstaltungskalender.html#/veranstaltungen/RPT/4b427ed1-6577-4303-9c25-b985e59e34d2/30-jahre-paradox---mitten-im-land
Angela Anzi: Aftertone,"Do., 4 Juni, 2026 11:00",Dauerausstellung,"Marburger Kunstverein , Marburg",https://www.marburg-liebe.de/veranstaltungskalender.html#/veranstaltungen/RPT/df129756-2c4d-41ae-9ec4-2567476f8281/angela-anzi--aftertone
Sonderführungen Mineralogische Museum,"Do., 4 Juni, 2026 13:30",Museumsführungen,"Mineralogisches Museum, Marburg",https://www.marburg-liebe.de/veranstaltungskalender.html#/veranstaltungen/RPT/d384327c-27cd-4857-a183-9a5e7b73f539/sonderfuehrungen-mineralogische-museum
Vernissage Frauke Rohenkohl: Varanasi Korridor,"Do., 4 Juni, 2026 16:00",Vernissage,"17QM, Marburg",https://www.marburg-liebe.de/veranstaltungskalender.html#/veranstaltungen/RPT/b9407ba7-2dee-4f96-8ab9-2869cfaed33e/vernissage-frauke-rohenkohl--varanasi-korridor
FREI~QUENZ,"Do., 4 Juni, 2026 18:00",Party/Disco,"Café Trauma im G-Werk, Marburg",https://www.marburg-liebe.de/veranstaltungskalender.html#/veranstaltungen/RPT/dd94d58c-39c0-4518-b0ef-c52d90073fb2/frei-quenz
Unbetreutes Denken,"Do., 4 Juni, 2026 19:00",Vernissage,"17 QM, Marburg",https://www.marburg-liebe.de/veranstaltungskalender.html#/veranstaltungen/RPT/2d4580ab-02f3-4122-b5ac-b1ab625cb7f6/unbetreutes-denken
Nearly Close Enough to Kiss No. 7,"Do., 4 Juni, 2026 19:00",Festival,"zwischen Nord- und Altstadt, Marburg",https://www.marburg-liebe.de/veranstaltungskalender.html#/veranstaltungen/RPT/88f4fefc-4fbf-4d89-ab89-cd3251d0fe2b/nearly-close-enough-to-kiss-no--7
Toc Toc,"Do., 4 Juni, 2026 20:00",Kabarett / Satire,"Waggonhalle, Marburg",https://www.marburg-liebe.de/veranstaltungskalender.html#/veranstaltungen/RPT/b58d8455-f36c-4eeb-9d91-405b5ba53cdf/toc-toc
TEAM ROBIN HOOD,"Do., 4 Juni, 2026 20:00",Sprechtheater / Schauspiel,"Schlossparkbühne, Marburg",https://www.marburg-liebe.de/veranstaltungskalender.html#/veranstaltungen/RPT/ef6f5873-e81d-4538-9dae-eb343e60af08/team-robin-hood
Trio Talan,"Do., 4 Juni, 2026 20:30",Blues / Jazz / Gospel,"Cavete, Marburg",https://www.marburg-liebe.de/veranstaltungskalender.html#/veranstaltungen/RPT/34ecf1b0-2a22-434c-a5a8-0c42afd11652/trio-talan
Musicalaufführung Adonia,"Fr., 5 Juni, 2026 10:00",Musical,"Evangeliumshalle Wehrda, Marburg",https://www.marburg-liebe.de/veranstaltungskalender.html#/veranstaltungen/RPT/cbd33fd8-f5f4-4d54-b9f8-d2dc9b9bfccb/musicalauffuehrung-adonia
Mara Chiaki + i like colours,"Fr., 5 Juni, 2026 19:30",Musikveranstaltung / Konzerte,"Café Trauma im G-Werk, Marburg",https://www.marburg-liebe.de/veranstaltungskalender.html#/veranstaltungen/RPT/8f30e47b-dee0-484d-ab2b-75322e433382/mara-chiaki---i-like-colours
Marilyn Monroe,"Fr., 5 Juni, 2026 20:00",Sprechtheater / Schauspiel,"Kaiser-Wilhelm-Turm | Spiegelslustturm, Marburg",https://www.marburg-liebe.de/veranstaltungskalender.html#/veranstaltungen/RPT/689f8afa-1aa8-4e86-8543-430674973316/marilyn-monroe
Wochenmarkt Südviertel,"Sa., 6 Juni, 2026 07:00",Bauernmarkt / Regionalmarkt,"Südviertel, Marburg",https://www.marburg-liebe.de/veranstaltungskalender.html#/veranstaltungen/RPT/dec5ee81-8543-4afc-b1b6-a904cb45ab21/wochenmarkt-suedviertel
Dorothea Merz,"Sa., 6 Juni, 2026 11:30",Ausstellung,"Colosseo, Marburg",https://www.marburg-liebe.de/veranstaltungskalender.html#/veranstaltungen/RPT/78760b47-cf9d-4160-bd12-bb8d8c352e61/dorothea-merz
Sturm im Wasserglas #3,"Sa., 6 Juni, 2026 12:00",Vernissage,"Meteorologischer Turm im Schlosspark, Marburg",https://www.marburg-liebe.de/veranstaltungskalender.html#/veranstaltungen/RPT/52243216-9e00-4b82-8f73-918d7934afd0/sturm-im-wasserglas--3
Die Spielzeugwelt vor 100 Jahren,"Sa., 6 Juni, 2026 14:00",Ausstellung,"Dorfmuseum Oberrosphe, Wetter",https://www.marburg-liebe.de/veranstaltungskalender.html#/veranstaltungen/RPT/a404014d-9b31-4f74-8b05-2787a088755f/die-spielzeugwelt-vor-100-jahren
Essbare heimische Wild- und Heilkräuter entdecken,"Sa., 6 Juni, 2026 15:00",Kräuterführungen,"Umgebung von Bad Endbach, Bad Endbach",https://www.marburg-liebe.de/veranstaltungskalender.html#/veranstaltungen/RPT/1ff68ae1-2059-4e49-afc4-9b389ba9e233/essbare-heimische-wild--und-heilkraeuter-entdecken
Langendorfer Mühle,"Sa., 6 Juni, 2026 16:00",Musikveranstaltung / Konzerte,"Langendorfer Mühle, Wohratal",https://www.marburg-liebe.de/veranstaltungskalender.html#/veranstaltungen/RPT/1dad41a7-bf15-4d11-af58-b5480e4f1b0d/langendorfer-muehle
Liedermacher-Duo Fogel F,"Sa., 6 Juni, 2026 18:00",Musikveranstaltung / Konzerte,"Alte Kirche Bürgeln, Marburg",https://www.marburg-liebe.de/veranstaltungskalender.html#/veranstaltungen/RPT/49a16778-8a2f-486f-9e06-966aa073eaef/liedermacher-duo-fogel-f
Stunde der Orgel,"Sa., 6 Juni, 2026 18:00",Kirchenmusik,"Lutherische Pfarrkirche, Marburg",https://www.marburg-liebe.de/veranstaltungskalender.html#/veranstaltungen/RPT/6e484564-c460-4f55-8e28-b3830314b6b2/stunde-der-orgel
Ankor,"Sa., 6 Juni, 2026 20:00",Musikveranstaltung / Konzerte,"Kulturzentrum KFZ, Marburg",https://www.marburg-liebe.de/veranstaltungskalender.html#/veranstaltungen/RPT/e263614a-9ea8-4ac8-ae41-9df98c33da49/ankor
Wir gehen jetzt - OHGV Biedenkopf - Klangvoll,"So., 7 Juni, 2026 10:00",Ausflug,"Parkplatz - Abfahrt Biedenkopf Mitte - (Unterhalb, ...",https://www.marburg-liebe.de/veranstaltungskalender.html#/veranstaltungen/RPT/b9b1f16d-f2f0-42da-87d6-82a2b17e0664/wir-gehen-jetzt---ohgv-biedenkopf---klangvoll
Ein Tag im Paradies,"So., 7 Juni, 2026 14:00",Ausstellung,"Haus der Romantik, Marburg",https://www.marburg-liebe.de/veranstaltungskalender.html#/veranstaltungen/RPT/b7abaf59-d3bd-4681-9eaf-ab86f8968046/ein-tag-im-paradies
